transaction_id,card_number,merchant_name,merchant_category,amount,transaction_timestamp,cardholder_lat,cardholder_long,merchant_lat,merchant_long,is_fraud
c091df34fe7eddc0b419e6374d8aea66,3520550088202337,fraud_Heathcote LLC,shopping_net,106.7,2019-01-01 13:07:25,47.8342,-90.0476,48.29344,-89.552853,False
92d0c4c28e76c15ac69d1702620db6ba,3520550088202337,fraud_Botsford PLC,home,30.29,2019-01-01 13:25:36,47.8342,-90.0476,48.328348,-90.812565,False
5e32483d6168df11d5644e1dcc627b4c,3520550088202337,fraud_Koepp-Parker,grocery_pos,50.26,2019-01-01 23:08:04,47.8342,-90.0476,48.49323,-90.382827,False
ecf3feab95507ec36b0f8db219e242ba,3520550088202337,fraud_Spinka-Welch,grocery_net,37.68,2019-01-04 09:09:47,47.8342,-90.0476,47.480533,-90.284529,False
eb9c6416d46bdb945ea696609d0e3bc7,3520550088202337,fraud_Crona and Sons,kids_pets,24.15,2019-01-05 13:06:53,47.8342,-90.0476,48.405972,-90.868248,False
1960f865f59400bbe57a0658b259fa27,3520550088202337,"fraud_Reinger, Weissnat and Strosin",food_dining,69.65,2019-01-05 19:00:35,47.8342,-90.0476,48.552916,-89.959453,False
ceb92b27c3c87ebeb3ed8643a2b9dc4b,3520550088202337,fraud_Botsford Ltd,shopping_pos,138.76,2019-01-05 21:02:52,47.8342,-90.0476,47.667249,-90.577275,False
d128c65fdbcef856ac51033aa7494080,3520550088202337,fraud_Bogisich Inc,grocery_pos,43.96,2019-01-05 23:44:27,47.8342,-90.0476,48.18416,-91.022275,False
fb373b76f05670ce23402ace28650dfb,3520550088202337,"fraud_Hagenes, Kohler and Hoppe",food_dining,1.93,2019-01-06 15:25:29,47.8342,-90.0476,46.835966,-89.251001,False
1ec9b61fa833f00a971584973c86979c,3520550088202337,fraud_Deckow-Dare,food_dining,3.6,2019-01-06 17:02:05,47.8342,-90.0476,47.603209,-90.95252,False
a55cf3f14a1e8d3031edc93f7c283914,3520550088202337,"fraud_Rodriguez, Yost and Jenkins",misc_net,66.49,2019-01-06 19:31:37,47.8342,-90.0476,47.306023,-89.689396,False
b186691a7c3cda822a04543480de2bbd,3520550088202337,"fraud_Fadel, Mertz and Rippin",entertainment,97.79,2019-01-06 19:32:17,47.8342,-90.0476,48.819508,-90.184708,False
b34c2943324be2ad05861313be75d13b,3520550088202337,"fraud_Weber, Thiel and Hammes",kids_pets,77.83,2019-01-06 23:09:24,47.8342,-90.0476,48.445069,-89.52970400000001,False
9afa1c8e560e8b3e7438a3e7e4189e11,3520550088202337,fraud_Spencer PLC,entertainment,59.45,2019-01-07 14:11:58,47.8342,-90.0476,47.095746000000005,-90.620734,False
2fe25d9c9c732b5fbd02941f8400da06,3520550088202337,fraud_Deckow-Dare,food_dining,1.56,2019-01-07 16:58:14,47.8342,-90.0476,47.801211,-89.190455,False
3625c89d0e8a333280349bf539b456b5,3520550088202337,fraud_Kuhn LLC,misc_net,111.71,2019-01-07 21:24:18,47.8342,-90.0476,47.220042,-89.18956700000001,False
bc4ef79e4fe22ddd17b15496b78fb638,3520550088202337,fraud_Zboncak LLC,food_dining,7.15,2019-01-08 15:11:17,47.8342,-90.0476,47.86854,-90.089469,False
8dcb4d106c7338c311ad7473f344ce9d,3520550088202337,fraud_Roob-Okuneva,health_fitness,5.49,2019-01-08 23:42:48,47.8342,-90.0476,48.720871,-89.25676700000001,False
3360dfa2dbc7ea6b03404d0abcc7533f,3520550088202337,fraud_Bechtelar-Rippin,food_dining,66.84,2019-01-10 21:20:40,47.8342,-90.0476,48.458343,-90.219281,False
7fc35b8d4c01b6e4ebee0290890053aa,3520550088202337,fraud_Erdman-Kertzmann,gas_transport,61.77,2019-01-12 02:59:41,47.8342,-90.0476,47.967887,-90.992589,False
809ce3ace46dd43b868d59ddf2db9201,3520550088202337,fraud_Cummerata-Jones,gas_transport,44.05,2019-01-12 07:28:02,47.8342,-90.0476,48.684146000000005,-90.006688,False
21e9812f1d4d3a04587bf3efb26b7e44,3520550088202337,"fraud_Witting, Beer and Ernser",home,7.35,2019-01-13 21:22:23,47.8342,-90.0476,48.387767,-90.675773,False
f4c9846f5fe2f76b332629e3fd4b65a3,3520550088202337,fraud_Brown-Greenholt,entertainment,147.2,2019-01-14 12:59:46,47.8342,-90.0476,47.777323,-90.865382,False
c64a4378b942155231ab926d9596fb7b,3520550088202337,fraud_Denesik and Sons,shopping_pos,131.45,2019-01-14 21:28:09,47.8342,-90.0476,47.430261,-91.042732,False
77eb8e47bc56fe8681b2818e736f9be6,3520550088202337,fraud_Reilly and Sons,health_fitness,9.29,2019-01-15 22:54:30,47.8342,-90.0476,46.911244,-90.835699,False
516f26b311140fb21b044dc7c2f26cdc,3520550088202337,"fraud_Goyette, Howell and Collier",shopping_pos,116.67,2019-01-17 12:57:54,47.8342,-90.0476,48.812141,-89.611457,False
28f5c228a92d4a5fbd4c67fb4d8e7862,3520550088202337,fraud_Trantow PLC,grocery_net,17.77,2019-01-20 09:29:58,47.8342,-90.0476,46.866514,-90.586687,False
02e4987bc0769cf4c61ca066974babb4,3520550088202337,fraud_Hills-Boyer,personal_care,8.96,2019-01-21 21:35:23,47.8342,-90.0476,47.986595,-89.843666,False
a3e055e57be141e8977b58d634ae460a,3520550088202337,fraud_Welch Inc,misc_net,133.94,2019-01-22 16:09:29,47.8342,-90.0476,48.128383,-89.385099,False
b934c825a5d776a83518153f441d4f98,3520550088202337,"fraud_Conroy, Balistreri and Gorczany",health_fitness,9.85,2019-01-22 23:31:08,47.8342,-90.0476,48.062752,-90.101679,False
f36c16caa53991265032b179a7682801,3520550088202337,fraud_Donnelly LLC,entertainment,100.68,2019-01-24 14:01:57,47.8342,-90.0476,47.73394,-89.144115,False
e9405007db7eda1398d94591055533b3,3520550088202337,"fraud_Rutherford, Homenick and Bergstrom",grocery_net,12.47,2019-01-27 03:01:43,47.8342,-90.0476,47.779431,-90.259612,False
e113d2a4889d1da33e2df8bf3d5c35d9,3520550088202337,fraud_Rodriguez Group,gas_transport,53.76,2019-01-27 08:58:24,47.8342,-90.0476,47.834403,-89.20801999999999,False
ce13c1721017bd1af8fcb0982dd6692e,3520550088202337,fraud_Gottlieb-Hansen,personal_care,164.04,2019-01-27 14:27:23,47.8342,-90.0476,48.123007,-91.029254,False
0689f039b9fefde26f23dd3b17a5dc34,3520550088202337,fraud_Brown-Greenholt,entertainment,67.76,2019-01-27 14:52:29,47.8342,-90.0476,47.955948,-89.380426,False
34a3995005ac4701fb6ace215c904303,3520550088202337,fraud_Kassulke Inc,entertainment,111.36,2019-01-27 17:54:26,47.8342,-90.0476,48.048012,-90.140168,False
22c0f227b6575c9d395dfdf98e957ec9,3520550088202337,fraud_Schuppe LLC,entertainment,84.59,2019-01-28 15:51:26,47.8342,-90.0476,47.184447,-89.10326500000001,False
dc26f7fe61311188a4298a7d96fdad49,3520550088202337,fraud_Gottlieb Group,kids_pets,23.71,2019-01-28 21:04:13,47.8342,-90.0476,47.046765,-90.876897,False
7d9455b7e56eb67e3a36151aed372ed0,3520550088202337,fraud_Gutmann Ltd,grocery_net,18.62,2019-01-29 11:58:27,47.8342,-90.0476,47.327811,-90.272401,False
db6e95ed124e9884eef3fcd611fbf8df,3520550088202337,fraud_Schumm PLC,shopping_net,138.87,2019-01-29 12:07:53,47.8342,-90.0476,48.808316999999995,-89.881622,False
05d1fb1c24d60d713016be5b8df79893,3520550088202337,fraud_Stark-Koss,home,48.32,2019-01-29 15:12:41,47.8342,-90.0476,47.967647,-91.005184,False
2d0c5fc2d9d0eeb20163f2329d058224,3520550088202337,fraud_Kulas Group,health_fitness,114.24,2019-02-01 22:06:31,47.8342,-90.0476,48.127316,-90.240698,False
8f98b068d7ff41cd5f463e0501bda47a,3520550088202337,"fraud_Kihn, Abernathy and Douglas",shopping_net,34.02,2019-02-02 15:43:54,47.8342,-90.0476,47.149358,-91.009373,False
067487659491fac87d46ebc48c335ac5,3520550088202337,fraud_Goyette Inc,shopping_net,56.97,2019-02-02 22:22:11,47.8342,-90.0476,48.226231,-90.931344,False
74efe8ab6759e79ffc0160ebc46df6d4,3520550088202337,fraud_DuBuque LLC,grocery_pos,76.52,2019-02-03 14:33:49,47.8342,-90.0476,48.093055,-89.461138,False
0b99060b72f24a10034e0c97fa17e320,3520550088202337,"fraud_Bahringer, Schoen and Corkery",shopping_pos,163.93,2019-02-03 14:34:37,47.8342,-90.0476,47.450197,-90.299874,False
923908e3c2acc5cfeb15515a0db22d0c,3520550088202337,fraud_Hirthe-Beier,health_fitness,20.36,2019-02-03 23:05:43,47.8342,-90.0476,47.169447,-89.481116,False
9f03cc7465c1a9ddd78c9df705c2011a,3520550088202337,fraud_Skiles-Ankunding,grocery_net,13.69,2019-02-04 02:18:53,47.8342,-90.0476,47.140757,-89.479524,False
f5cf091ca70b3124145c0712b43dda2a,3520550088202337,fraud_Mohr-Bayer,shopping_net,24.41,2019-02-04 23:01:18,47.8342,-90.0476,47.009105,-89.365822,False
e41408b09b1817b0a9a97ca2df54159c,3520550088202337,fraud_Doyle Ltd,grocery_pos,36.43,2019-02-05 20:23:50,47.8342,-90.0476,47.838898,-89.96704799999999,False
392f3d4f007eb64c96775e87aaec99ae,3520550088202337,fraud_Schmitt Inc,gas_transport,72.54,2019-02-07 03:12:29,47.8342,-90.0476,48.128038,-89.523538,False
5b563813c182ec01d54d95cc7b280de4,3520550088202337,fraud_Weber and Sons,food_dining,1.95,2019-02-07 13:42:51,47.8342,-90.0476,47.189951,-89.594895,False
c05cbe2a2cb7a086e2eadce76c16acff,3520550088202337,fraud_Conroy-Cruickshank,gas_transport,71.41,2019-02-11 10:59:51,47.8342,-90.0476,48.448045,-90.952906,False
67c4223611be3a6b674c2119f8805d6a,3520550088202337,fraud_Stiedemann Ltd,food_dining,6.34,2019-02-11 14:09:20,47.8342,-90.0476,47.912173,-89.55109300000001,False
fea6b22414a58245d5ac04ad208d72dd,3520550088202337,"fraud_Towne, Greenholt and Koepp",shopping_net,15.52,2019-02-11 14:52:00,47.8342,-90.0476,47.715494,-90.745526,False
0e91b43ade8ee5813f6fbe7892937373,3520550088202337,"fraud_Greenholt, O'Hara and Balistreri",shopping_net,5.96,2019-02-11 15:05:00,47.8342,-90.0476,46.93525,-90.993713,False
18dc916a6cc8e4081e5f40e3cef114fa,3520550088202337,fraud_Dooley Inc,shopping_pos,151.95,2019-02-11 21:08:30,47.8342,-90.0476,48.592231,-90.672977,False
c79ba851d83e2710db8385f8f200530f,3520550088202337,"fraud_Ritchie, Bradtke and Stiedemann",travel,2.14,2019-02-11 22:20:03,47.8342,-90.0476,48.003677,-89.640559,False
4bd2d695515919e89a25258335fc2be1,3520550088202337,fraud_Kuphal-Bartoletti,misc_net,911.75,2019-02-12 00:05:50,47.8342,-90.0476,48.447446,-89.426637,True
57dd763e74b53c034c79dc1c9edfa35e,3520550088202337,fraud_Prohaska-Murray,gas_transport,10.42,2019-02-12 02:42:37,47.8342,-90.0476,47.62798,-90.998228,True
cc818b7e7a4e7ddb2796ad22fee4efa8,3520550088202337,fraud_Vandervort-Funk,grocery_pos,302.22,2019-02-12 03:29:58,47.8342,-90.0476,46.921014,-89.25495500000001,True
358c469bac7e3d569e73e1334840bc34,3520550088202337,"fraud_Huel, Hammes and Witting",grocery_pos,306.23,2019-02-12 05:32:25,47.8342,-90.0476,48.793623,-89.96907,True
7dc44ece1e773076705b9a6abcb7ae28,3520550088202337,"fraud_Lind, Huel and McClure",gas_transport,8.45,2019-02-12 05:55:51,47.8342,-90.0476,47.792533,-89.050352,True
126ba886b8a83bfc8fdd705de5d4c0bf,3520550088202337,fraud_Terry-Huel,shopping_net,805.81,2019-02-12 22:03:43,47.8342,-90.0476,46.933069,-89.43531,True
b0c0842c6b4aa941554160e68d02b187,3520550088202337,fraud_Volkman-Predovic,shopping_net,1089.43,2019-02-12 22:20:10,47.8342,-90.0476,47.445174,-90.996543,True
0755f2ee3bb43361e9ccb91650d00d7c,3520550088202337,fraud_Kozey-Boehm,shopping_net,937.62,2019-02-12 22:36:29,47.8342,-90.0476,48.433276,-89.726652,True
403ccecb728b6aa6398554ea6ae695a2,3520550088202337,fraud_Volkman-Predovic,shopping_net,891.97,2019-02-12 22:55:34,47.8342,-90.0476,48.796349,-90.504053,True
71dc3f62c15e9c17d7bad377a125fe7c,3520550088202337,fraud_Beer-Jast,kids_pets,20.54,2019-02-12 23:42:38,47.8342,-90.0476,47.374223,-89.823259,True
8d92726e7e9bd1b596b7ff119abbe38a,3520550088202337,fraud_Pacocha-Bauch,shopping_pos,1200.74,2019-02-12 23:49:17,47.8342,-90.0476,48.028376,-90.079949,True
9930ced846a4f3082235bf75f89e31cd,3520550088202337,fraud_Stiedemann Inc,misc_pos,8.24,2019-02-12 23:58:55,47.8342,-90.0476,47.120308,-89.314686,True
5cbc02d278772c54f6bb3ba585866dd0,3520550088202337,fraud_Rempel Inc,shopping_net,1078.8,2019-02-13 14:24:02,47.8342,-90.0476,47.707475,-91.040804,True
750eaa22b13b16f3191478a0ff1174c1,3520550088202337,fraud_Lebsack and Sons,misc_net,881.13,2019-02-13 14:24:53,47.8342,-90.0476,47.453881,-90.558396,True
edf9e2b2aaf6641b5a589794348f2c87,3520550088202337,fraud_Kuhic LLC,shopping_net,1002.04,2019-02-13 15:54:22,47.8342,-90.0476,47.389709,-89.244866,True
33e128b9d70432723bce307326f289f3,3520550088202337,"fraud_O'Connell, Botsford and Hand",home,228.96,2019-02-13 18:03:46,47.8342,-90.0476,48.340965,-89.461922,True
76c0b8581c37893ff1de24004c719cae,3520550088202337,fraud_Bednar Inc,travel,10.99,2019-02-13 18:34:05,47.8342,-90.0476,47.608453,-89.221899,True
7606f0c4f2d9461912b78c2861893c1e,3520550088202337,fraud_Schumm PLC,shopping_net,1292.21,2019-02-13 23:10:22,47.8342,-90.0476,47.704987,-89.581413,True
a4699e23922ca7a2a8d78f003cbfb07f,3520550088202337,"fraud_Schmeler, Bashirian and Price",shopping_net,1024.04,2019-02-13 23:54:01,47.8342,-90.0476,47.37106,-89.047686,True
55858d99de09396dfcd9457c2d81d6a3,3520550088202337,"fraud_Jenkins, Hauck and Friesen",gas_transport,80.73,2019-02-17 06:53:56,47.8342,-90.0476,48.223753,-90.085665,False
c441999e7a6fbb82de09cae66a8e5184,3520550088202337,"fraud_Lind, Huel and McClure",gas_transport,92.33,2019-02-17 07:06:48,47.8342,-90.0476,48.668746,-90.840763,False
e5e29be3145ff9edcc38cc7312997d11,3520550088202337,"fraud_Rutherford, Homenick and Bergstrom",grocery_net,2.78,2019-02-17 11:02:11,47.8342,-90.0476,48.309863,-89.258682,False
bc4c155fe6dd55813feb0bea70f639fe,3520550088202337,"fraud_Yost, Block and Koepp",misc_pos,185.2,2019-02-17 13:27:35,47.8342,-90.0476,48.174888,-90.244734,False
88a5250538f13e3f113ccc789fd1afa8,3520550088202337,"fraud_Schuppe, Nolan and Hoeger",shopping_pos,131.64,2019-02-17 18:01:48,47.8342,-90.0476,47.87631,-89.503108,False
4d4a1b02b69f33af3abb80ae36afe417,3520550088202337,"fraud_Lesch, D'Amore and Brown",food_dining,1.1,2019-02-17 23:33:23,47.8342,-90.0476,48.829037,-89.218999,False
8b0cd3372fd120816f3052437cd754aa,3520550088202337,fraud_Macejkovic-Lesch,shopping_pos,202.78,2019-02-18 13:21:01,47.8342,-90.0476,48.520594,-89.243089,False
1ea730e9f2f188cd77b51410020b38ad,3520550088202337,fraud_Johns-Hoeger,entertainment,140.47,2019-02-18 21:24:43,47.8342,-90.0476,47.294502,-90.939361,False
c440a0f0287f59509bbe1537d313c631,3520550088202337,fraud_Bartoletti-Wunsch,gas_transport,51.09,2019-02-19 01:18:58,47.8342,-90.0476,47.834779,-89.12236999999999,False
d4280abfecc71d5673083f32afa8c4d7,3520550088202337,"fraud_Hills, Hegmann and Schaefer",health_fitness,17.7,2019-02-21 14:50:05,47.8342,-90.0476,46.905823,-89.331528,False
81db7b4a792cdd9bee7c370cf1e7ce94,3520550088202337,fraud_Parisian and Sons,gas_transport,54.01,2019-02-23 11:49:14,47.8342,-90.0476,48.768581,-89.89124699999999,False
04c81e99b985358ea7878d991600a4a9,3520550088202337,"fraud_Robel, Cummerata and Prosacco",gas_transport,87.74,2019-02-25 11:27:36,47.8342,-90.0476,48.014636,-90.587265,False
c9b66c67df9a7b4811c4bd68d3a79b27,3520550088202337,fraud_Block-Hauck,travel,44.39,2019-02-25 13:42:58,47.8342,-90.0476,47.858746,-89.638818,False
c1fbb907ecb39ce61a78812f38e28b00,3520550088202337,fraud_Koss and Sons,gas_transport,80.42,2019-02-26 00:35:29,47.8342,-90.0476,47.639672,-91.004129,False
6c8042c73cffb7e4d3bfa9dde9841449,3520550088202337,fraud_Effertz LLC,entertainment,69.43,2019-02-26 13:02:11,47.8342,-90.0476,48.830763,-90.247605,False
0d4596d596d8b8521ebac4ff6836ffc8,3520550088202337,fraud_Champlin-Casper,home,51.63,2019-02-27 20:04:14,47.8342,-90.0476,48.56401,-90.407989,False
bbd49baf14f8fccd951eac526aba8f31,3520550088202337,"fraud_Lakin, Ferry and Beatty",food_dining,7.12,2019-02-28 21:39:04,47.8342,-90.0476,48.713786,-90.257185,False
a51b6b88bfd345de912de205fc4df62f,3520550088202337,fraud_Torphy-Kertzmann,health_fitness,23.65,2019-03-01 19:27:05,47.8342,-90.0476,48.407975,-89.333159,False
4ba8d06bcb8232701cc90a3402d3e988,3520550088202337,"fraud_Schaefer, Fay and Hilll",entertainment,105.68,2019-03-03 14:10:55,47.8342,-90.0476,47.717495,-90.177873,False
ab6e83d788f3dcb25fa68846995dd27c,3520550088202337,fraud_Volkman PLC,food_dining,2.49,2019-03-03 16:13:48,47.8342,-90.0476,47.339,-91.026693,False
1056cb647528a7f396405a90d0bdcd81,3520550088202337,fraud_Ziemann-Waters,health_fitness,3.54,2019-03-04 21:01:47,47.8342,-90.0476,48.230493,-90.022462,False
a54119caf1305dee9cb76b15d0dd79cb,3520550088202337,fraud_Barton LLC,kids_pets,9.49,2019-03-04 21:58:25,47.8342,-90.0476,47.167646000000005,-90.224518,False
b2e176307042dd06dfa8e22388168c97,3520550088202337,"fraud_Reinger, Weissnat and Strosin",food_dining,8.77,2019-03-05 16:10:18,47.8342,-90.0476,47.929789,-89.345396,False
aa5672717b82cc402d66944ae97a7aa3,3520550088202337,"fraud_Graham, Hegmann and Hammes",food_dining,2.69,2019-03-05 17:49:01,47.8342,-90.0476,47.661176,-89.52991800000001,False
da0c8768b0d742723302cac127a640a2,3520550088202337,fraud_Crona and Sons,kids_pets,154.15,2019-03-08 14:24:16,47.8342,-90.0476,47.142783,-90.961881,False
53928c3507bf0790650f9e005eb2d5ef,3520550088202337,"fraud_Stanton, Jakubowski and Baumbach",shopping_net,127.64,2019-03-09 14:08:51,47.8342,-90.0476,48.6847,-90.542062,False
2f3bbf8cba85b8da66b6fa0ea4ce04bb,3520550088202337,"fraud_Bahringer, Bergnaum and Quitzon",home,20.12,2019-03-09 18:44:52,47.8342,-90.0476,47.880503,-89.68650600000001,False
3e53b808cec6a86210b9a30d4a07267b,3520550088202337,"fraud_Olson, Becker and Koch",gas_transport,60.57,2019-03-10 01:47:24,47.8342,-90.0476,48.492787,-90.162076,False
924a0a240f0308eb9690e1aa0b48b566,3520550088202337,fraud_Brekke and Sons,gas_transport,61.75,2019-03-10 03:23:44,47.8342,-90.0476,46.971518,-89.520101,False
39420361e721008a6cf3c4eff26a648e,3520550088202337,"fraud_Hagenes, Kohler and Hoppe",food_dining,2.15,2019-03-10 14:53:28,47.8342,-90.0476,47.094522999999995,-89.313663,False
57c634eb99af04ba34893d4bc9cfd22d,3520550088202337,"fraud_Romaguera, Cruickshank and Greenholt",shopping_net,201.82,2019-03-11 21:34:17,47.8342,-90.0476,48.434375,-89.824595,False
5ba16908df80bc87cbe6592bb4c5ce00,3520550088202337,fraud_Zulauf LLC,personal_care,49.52,2019-03-12 18:36:28,47.8342,-90.0476,48.43227,-89.74570899999999,False
99b3963757d997b3787b924f93961459,3520550088202337,fraud_Rowe-Vandervort,grocery_net,16.3,2019-03-13 11:52:05,47.8342,-90.0476,48.509159,-90.929652,False
658bad3cb643b1f8902db191118bdb7f,3520550088202337,fraud_Torp-Labadie,gas_transport,70.1,2019-03-14 09:10:03,47.8342,-90.0476,48.279072,-89.214736,False
5d7a27afe56f0d1d096928b807428fc5,3520550088202337,fraud_Graham and Sons,health_fitness,9.9,2019-03-15 17:16:47,47.8342,-90.0476,47.488424,-90.332529,False
8be93e15e1ba8523e99c176a08f96504,3520550088202337,fraud_Crona and Sons,kids_pets,20.85,2019-03-16 22:52:38,47.8342,-90.0476,48.82897,-89.84187,False
b479356d4adeb17c36245388df263f55,3520550088202337,fraud_Romaguera Ltd,health_fitness,43.69,2019-03-16 23:25:26,47.8342,-90.0476,48.707527,-89.94407700000001,False
ccb34aaaf9619aca58f1a9eac8a75077,3520550088202337,fraud_Kutch LLC,gas_transport,84.72,2019-03-17 00:21:38,47.8342,-90.0476,46.926149,-89.812703,False
8207a38dfa99a9406c09c24ba9d92bd4,3520550088202337,"fraud_Zieme, Bode and Dooley",gas_transport,66.11,2019-03-17 07:15:24,47.8342,-90.0476,48.2051,-89.187861,False
ffaf68c005a3ea1db21592eced02352a,3520550088202337,fraud_Ledner-Pfannerstill,gas_transport,51.18,2019-03-17 10:28:22,47.8342,-90.0476,48.533502,-90.693128,False
53100f2e2605641bc5ecab0dbdf5c1ec,3520550088202337,fraud_Price Inc,shopping_net,421.93,2019-03-17 18:03:52,47.8342,-90.0476,47.033417,-90.428388,False
9019a3894e90d8a047a35192bb3b6f70,3520550088202337,fraud_Sawayn PLC,shopping_pos,132.4,2019-03-17 19:43:19,47.8342,-90.0476,47.142167,-90.275785,False
d75602e31431158faa9e67338d326363,3520550088202337,"fraud_Bernier, Streich and Jewess",grocery_net,4.02,2019-03-18 04:30:49,47.8342,-90.0476,47.018224,-89.599527,False
14d0b208952b51d76252b5f3a09fe9f5,3520550088202337,"fraud_Hills, Hegmann and Schaefer",health_fitness,93.76,2019-03-19 12:47:28,47.8342,-90.0476,48.218084000000005,-89.428674,False
8539db8a348aaf73b828602e0bff5c97,3520550088202337,fraud_Kris-Kertzmann,travel,6.54,2019-03-21 20:41:42,47.8342,-90.0476,47.988786,-89.67505799999999,False
8697fef0f553ba116fb824b906906f9b,3520550088202337,"fraud_Monahan, Hermann and Johns",travel,3.41,2019-03-22 15:42:45,47.8342,-90.0476,47.027171,-90.657305,False
f0001498d57bc8ccd4673bd27a7170c1,3520550088202337,fraud_Corwin-Collins,gas_transport,48.7,2019-03-23 09:20:01,47.8342,-90.0476,47.925308,-90.012675,False
69f9ee4d11ba88c7420afc7d066d97c8,3520550088202337,"fraud_Hagenes, Kohler and Hoppe",food_dining,9.29,2019-03-23 12:07:11,47.8342,-90.0476,48.32404,-90.993011,False
2eec76ebc21952b6874cf08096365d4e,3520550088202337,fraud_Berge LLC,gas_transport,60.75,2019-03-24 00:12:02,47.8342,-90.0476,48.439537,-90.485736,False
48948c48afba51cc1b7eaa70a75104e1,3520550088202337,fraud_Friesen-D'Amore,gas_transport,53.82,2019-03-24 01:46:01,47.8342,-90.0476,47.961240999999994,-89.523686,False
3aeca8caa1db6d8e9ed020856997ff2e,3520550088202337,"fraud_Streich, Hansen and Veum",gas_transport,71.88,2019-03-24 03:44:04,47.8342,-90.0476,48.224609,-90.318983,False
b8a50385a396c89d30e2d14c21e4bed1,3520550088202337,fraud_Feil-Morar,health_fitness,109.28,2019-03-24 12:09:34,47.8342,-90.0476,48.455851,-89.456942,False
2e77a0ec8c3af1b7a658e2be00e8dd50,3520550088202337,fraud_Bednar Inc,travel,4.74,2019-03-24 15:35:26,47.8342,-90.0476,48.828544,-89.05251,False
3010d352f121aa38ebfe51daa84afd71,3520550088202337,"fraud_Metz, Russel and Metz",kids_pets,138.27,2019-03-24 22:43:58,47.8342,-90.0476,48.111725,-89.767697,False
9e3d65a19edebda9c4c291d6ad40f9a9,3520550088202337,fraud_Bernhard Inc,gas_transport,53.02,2019-03-25 02:48:06,47.8342,-90.0476,47.379977,-89.291024,False
cd9eb2e3b3781b90733da8cdb3b322b3,3520550088202337,fraud_Bauch-Raynor,grocery_pos,57.62,2019-03-25 04:15:34,47.8342,-90.0476,46.970069,-90.634659,False
d167a8c7d4e425fd9ac8d73b768e06c6,3520550088202337,"fraud_Kutch, Hermiston and Farrell",gas_transport,61.01,2019-03-25 07:26:22,47.8342,-90.0476,47.394161,-90.489517,False
7544f0acdfdb189a1a263125ed37dfbe,3520550088202337,fraud_Thiel-Thiel,entertainment,106.24,2019-03-25 14:59:49,47.8342,-90.0476,48.36594,-90.11948,False
7f9cc379e8a3fe07ee0dd26532e15f25,3520550088202337,"fraud_Hermiston, Pacocha and Smith",health_fitness,301.17,2019-03-25 17:20:24,47.8342,-90.0476,48.239248,-89.507752,False
271d229196313f7525ef374076de3d24,3520550088202337,fraud_Cormier LLC,shopping_net,428.5,2019-03-26 17:11:38,47.8342,-90.0476,48.788540999999995,-90.849167,False
54ab82bfbb963a4abaac92af30111867,3520550088202337,fraud_Lemke-Gutmann,shopping_net,131.28,2019-03-27 16:49:18,47.8342,-90.0476,48.71313,-90.104904,False
47952a4d089c3c454e2ed350023171e6,3520550088202337,fraud_Fahey Inc,kids_pets,32.79,2019-03-28 13:37:18,47.8342,-90.0476,46.984406,-89.410754,False
e8f1acc9473bb5453c1bb21c3e9d54c6,3520550088202337,fraud_Wiza LLC,misc_pos,114.11,2019-03-28 15:59:51,47.8342,-90.0476,47.638371,-90.798874,False
3081c8a5b904c6aee54c29c2967a0347,3520550088202337,fraud_Beier LLC,entertainment,80.53,2019-03-28 19:20:53,47.8342,-90.0476,47.542376,-89.72832199999999,False
30affd9a0066bc84d17b29f586c86618,3520550088202337,fraud_Reilly and Sons,health_fitness,8.49,2019-03-29 13:43:34,47.8342,-90.0476,48.578847,-90.445346,False
8c5c07d7e498f8de9d83697ab65efd14,3520550088202337,fraud_Deckow-O'Conner,grocery_pos,58.97,2019-03-30 01:43:53,47.8342,-90.0476,48.562103,-90.744665,False
0ba1287dda2fd9896928be0670325ce6,3520550088202337,fraud_Flatley-Durgan,misc_net,52.75,2019-03-30 19:49:54,47.8342,-90.0476,48.169162,-91.026779,False
67bc8c9fd066f53705354f1349e25be2,3520550088202337,fraud_Bins-Rice,gas_transport,49.85,2019-03-31 08:51:28,47.8342,-90.0476,48.730715,-89.151938,False
9d940989f680192bdefc8ae4b748a876,3520550088202337,fraud_Goyette Inc,shopping_net,65.76,2019-03-31 14:16:04,47.8342,-90.0476,47.535727,-90.176146,False
43c9fc7620b9db0201c6a6530bf74207,3520550088202337,fraud_Auer LLC,personal_care,21.0,2019-03-31 15:14:15,47.8342,-90.0476,48.488063,-89.13258,False
3cbc1c8100898d92e9a16d02e321ebd9,3520550088202337,fraud_Kris-Kertzmann,travel,1.07,2019-03-31 23:32:05,47.8342,-90.0476,47.567151,-89.15597199999999,False
bd08a27ec9c49e8ba0238f4031ce6944,3520550088202337,"fraud_Parker, Nolan and Trantow",entertainment,54.29,2019-04-05 23:59:08,47.8342,-90.0476,47.628953,-89.37946600000001,False
d7dda9f8b83a054aee425a2084ca8d40,3520550088202337,fraud_Kling-Ernser,entertainment,125.8,2019-04-06 14:21:55,47.8342,-90.0476,47.208694,-90.121216,False
04a7535dd94c6fbda30a9a2936877ad3,3520550088202337,"fraud_Raynor, Feest and Miller",gas_transport,57.87,2019-04-07 00:30:35,47.8342,-90.0476,48.282115000000005,-90.617509,False
fdce103456508ce1b9ec6e6d0fec9bf8,3520550088202337,fraud_Parisian and Sons,gas_transport,51.27,2019-04-07 04:39:57,47.8342,-90.0476,48.305206,-89.087149,False
9a88fbc1150aa86d37b2528c3611e52e,3520550088202337,"fraud_Larkin, Stracke and Greenfelder",entertainment,113.66,2019-04-07 14:01:19,47.8342,-90.0476,47.981935,-89.503763,False
73be6c4160f8bde011f94cdadd7b438c,3520550088202337,"fraud_Hermiston, Pacocha and Smith",health_fitness,6.57,2019-04-07 21:51:44,47.8342,-90.0476,47.279913,-91.027455,False
522e3eedbed17cf172c378b8b3922b43,3520550088202337,fraud_Cartwright PLC,kids_pets,34.94,2019-04-07 21:57:14,47.8342,-90.0476,48.707069,-89.598493,False
f3dfbc2f54ad4de337d8ea450269ea8d,3520550088202337,fraud_Williamson LLC,misc_pos,219.45,2019-04-07 23:31:27,47.8342,-90.0476,48.321693,-89.651356,False
470a24303bfa514b868c132f2e831285,3520550088202337,fraud_Cummerata-Jones,gas_transport,61.69,2019-04-08 02:23:19,47.8342,-90.0476,48.245346000000005,-89.966483,False
827e0a33e9c0d757384f8416671fe8c6,3520550088202337,fraud_Upton PLC,entertainment,128.99,2019-04-08 17:24:01,47.8342,-90.0476,48.18512,-90.464129,False
8128e72ac62d7c27d185df2278809586,3520550088202337,fraud_Miller-Hauck,grocery_pos,89.59,2019-04-10 11:51:27,47.8342,-90.0476,47.223568,-90.37162,False
cc83c40fe47c0dcefc9e2eed124e5ea9,3520550088202337,fraud_Pagac LLC,shopping_pos,131.95,2019-04-10 12:43:03,47.8342,-90.0476,48.130214,-89.485598,False
c2abe7cc3876c22e2e0a0978ee875e2b,3520550088202337,fraud_Barton Inc,grocery_pos,76.49,2019-04-14 03:49:20,47.8342,-90.0476,46.945151,-89.350363,False
505e796ca67c3df1e073dfbdff664fe6,3520550088202337,"fraud_Okuneva, Schneider and Rau",shopping_pos,193.6,2019-04-14 19:33:16,47.8342,-90.0476,48.125399,-90.276859,False
1b22d2d40f8ba246fee9c0d894f2f021,3520550088202337,fraud_Pacocha-Bauch,shopping_pos,182.85,2019-04-15 15:29:31,47.8342,-90.0476,47.82792,-89.699528,False
50ea566615cc6abf11df8d0ea06674e7,3520550088202337,fraud_Miller-Harris,misc_net,165.06,2019-04-15 16:31:05,47.8342,-90.0476,48.624431,-90.458309,False
6cb74763b5cd63617d63c5a4c080e901,3520550088202337,fraud_Buckridge PLC,misc_pos,384.1,2019-04-15 18:14:29,47.8342,-90.0476,48.552547,-90.389328,False
79d715306b5115827eca5a19e2fbbd52,3520550088202337,fraud_Fahey Inc,kids_pets,7.24,2019-04-15 19:54:23,47.8342,-90.0476,48.619431,-89.809392,False
a90a8fa58921e6fdfab218218d0debaf,3520550088202337,fraud_Feil-Morar,health_fitness,11.14,2019-04-15 22:04:03,47.8342,-90.0476,47.649971,-90.98671,False
61309bccfd2df8a52ea1f54a580fe52c,3520550088202337,fraud_Miller-Hauck,grocery_pos,46.74,2019-04-16 00:54:06,47.8342,-90.0476,46.970345,-91.007585,False
6aceee793ef5a9fdd0a57fcf7cb99de4,3520550088202337,"fraud_Tillman, Dickinson and Labadie",gas_transport,55.87,2019-04-16 03:32:34,47.8342,-90.0476,48.202618,-90.910338,False
b89d077a8a4363d7b5a3e7d24644a84a,3520550088202337,fraud_Zboncak LLC,food_dining,1.95,2019-04-16 14:41:55,47.8342,-90.0476,48.193095,-89.59095,False
e428155333bc18a667c2d3dd07c0f5bb,3520550088202337,"fraud_Kohler, Lindgren and Koelpin",grocery_net,21.55,2019-04-18 08:20:56,47.8342,-90.0476,48.794413,-89.618163,False
c449be7b5ce9c96142b0ed519d90aa30,3520550088202337,"fraud_Langosh, Wintheiser and Hyatt",food_dining,2.46,2019-04-18 16:00:28,47.8342,-90.0476,47.79207,-89.887006,False
6d43c09f458bd707388e71d2c7685d10,3520550088202337,"fraud_Bahringer, Osinski and Block",food_dining,1.4,2019-04-19 18:33:45,47.8342,-90.0476,48.786164,-89.840749,False
5aa2b535073eeb061b2ffa29caa60646,3520550088202337,"fraud_Schoen, Kuphal and Nitzsche",grocery_pos,66.34,2019-04-20 06:54:47,47.8342,-90.0476,47.673887,-90.799441,False
624bb2da0484b15d78986b4b0f55c012,3520550088202337,fraud_Herzog Ltd,misc_pos,134.75,2019-04-20 21:10:59,47.8342,-90.0476,48.453798,-90.226056,False
cacfb870653001732a68ab61a49cb9ac,3520550088202337,fraud_Strosin-Cruickshank,grocery_pos,74.29,2019-04-21 07:07:00,47.8342,-90.0476,48.195362,-89.66798100000001,False
76977e94e61ece840b065334ee690b26,3520550088202337,"fraud_Ferry, Reichel and DuBuque",grocery_net,4.62,2019-04-21 07:34:47,47.8342,-90.0476,47.280442,-89.547483,False
3ed6dbe131f713f4f3a27c2d7cdfcaff,3520550088202337,"fraud_Pouros, Walker and Spencer",kids_pets,45.33,2019-04-21 12:41:13,47.8342,-90.0476,48.583726,-89.924648,False
ef3fa634f5da614996e5aa6416fad18c,3520550088202337,fraud_Conroy-Emard,food_dining,7.42,2019-04-21 13:40:37,47.8342,-90.0476,47.670517,-89.529514,False
2f754f91f119cf86a999af957937d3da,3520550088202337,fraud_Lynch-Mohr,travel,2.46,2019-04-21 17:13:11,47.8342,-90.0476,48.815053000000006,-90.105427,False
99f7aa2ddf8047132a1a8e4a5f938ca8,3520550088202337,"fraud_Bahringer, Schoen and Corkery",shopping_pos,199.26,2019-04-21 18:17:48,47.8342,-90.0476,47.310215,-89.761298,False
0a65960672597a6fc7bb68cbdde109d8,3520550088202337,fraud_Abernathy and Sons,food_dining,18.11,2019-04-22 16:18:14,47.8342,-90.0476,46.880375,-90.227198,False
bb88add2ac00aee5f3c3dd96bddf9fae,3520550088202337,fraud_Cruickshank-Mills,entertainment,105.3,2019-04-22 17:04:28,47.8342,-90.0476,47.205361,-89.514176,False
cc70145e09cd38e1cbbbce52f992afc5,3520550088202337,fraud_Towne LLC,misc_pos,40.0,2019-04-22 18:25:34,47.8342,-90.0476,48.561537,-89.81978000000001,False
09c74829b5c8e98d0c0c80aa8f92f7d8,3520550088202337,fraud_Murray Ltd,grocery_net,13.72,2019-04-27 02:56:50,47.8342,-90.0476,47.204558,-89.21992,False
e5e00518746ff536ac293ee82f30855e,3520550088202337,fraud_O'Keefe-Wisoky,food_dining,4.96,2019-04-27 16:15:53,47.8342,-90.0476,48.121109999999994,-90.718603,False
1fd52dc74259339389718752bde77649,3520550088202337,"fraud_Crist, Jakubowski and Littel",home,5.75,2019-04-27 22:03:53,47.8342,-90.0476,48.083319,-90.42107,False
f6efba6d5376eead097668787ab2a79b,3520550088202337,"fraud_Wuckert, Wintheiser and Friesen",home,45.72,2019-04-27 22:26:43,47.8342,-90.0476,47.169666,-90.026043,False
f6a298bd86661a8409f3efd436e9eead,3520550088202337,fraud_Bernier and Sons,kids_pets,17.57,2019-04-27 23:46:08,47.8342,-90.0476,48.812114,-90.597177,False
2a878bb8491a31c16b758091673aad80,3520550088202337,"fraud_Cronin, Kshlerin and Weber",health_fitness,51.59,2019-04-28 16:44:27,47.8342,-90.0476,48.049208,-90.130747,False
447f25df10f01aabb4d2bbb7082ba72f,3520550088202337,fraud_Bode-Rempel,kids_pets,16.66,2019-04-28 19:18:51,47.8342,-90.0476,48.646864,-89.671705,False
bdecc1d2dd4de39bf213c74779ac9397,3520550088202337,"fraud_Schultz, Simonis and Little",grocery_pos,53.33,2019-04-29 03:40:48,47.8342,-90.0476,47.000637,-89.826083,False
d5c168c08b350773e5e1a919847fc0d7,3520550088202337,fraud_Schuppe-Schuppe,food_dining,10.05,2019-04-29 12:35:12,47.8342,-90.0476,47.903162,-90.872308,False
67641ae81260da60e7086d887e44a374,3520550088202337,fraud_Kihn Inc,shopping_pos,146.4,2019-04-29 16:05:49,47.8342,-90.0476,47.598463,-89.425444,False
86d34d426802709f2441f73534eafa14,3520550088202337,"fraud_Roberts, Daniel and Macejkovic",kids_pets,1.98,2019-04-29 19:48:38,47.8342,-90.0476,47.52627,-90.262617,False
db3f237748e85d698dba3131c7ded585,3520550088202337,"fraud_Fadel, Mertz and Rippin",entertainment,40.93,2019-04-30 17:46:15,47.8342,-90.0476,48.055785,-90.887826,False
ec357b9a5eac2185383ffdcf33c5817b,3520550088202337,"fraud_Becker, Harris and Harvey",personal_care,28.75,2019-05-01 13:35:55,47.8342,-90.0476,48.756774,-89.25523299999999,False
aed83d85505c191a6c712a55b6284a39,3520550088202337,fraud_Turcotte-Halvorson,misc_pos,389.76,2019-05-01 13:43:57,47.8342,-90.0476,48.216162,-89.182275,False
5ba82d4f727e4ed69a87864ecfb571c0,3520550088202337,fraud_Hilpert-Conroy,kids_pets,19.39,2019-05-04 13:17:39,47.8342,-90.0476,47.6584,-90.668228,False
f4b5bcf5861721a9cab814becc9f890f,3520550088202337,"fraud_McCullough, Hudson and Schuster",food_dining,153.63,2019-05-04 23:02:01,47.8342,-90.0476,47.38831,-90.846414,False
d3041a184148194a21eba5bb0bcf4214,3520550088202337,fraud_Dicki Ltd,grocery_net,10.37,2019-05-05 05:53:12,47.8342,-90.0476,47.0665,-89.51861,False
4a91a61ed5c3bea1d0fd91e8cd1c2f3a,3520550088202337,fraud_Kuphal-Predovic,misc_net,134.4,2019-05-05 21:22:43,47.8342,-90.0476,47.380693,-89.708933,False
747170e54fdcd15c13291a8ce2371e36,3520550088202337,fraud_Goyette Inc,shopping_net,95.4,2019-05-05 22:01:12,47.8342,-90.0476,48.629649,-90.863857,False
664f3f4e844a7313fa4547010836d067,3520550088202337,"fraud_Zboncak, Rowe and Murazik",shopping_net,7.12,2019-05-06 18:21:49,47.8342,-90.0476,48.564671999999995,-90.154739,False
efc8cba8393b43022709520e08eaaba3,3520550088202337,"fraud_Lowe, Dietrich and Erdman",kids_pets,147.82,2019-05-06 19:18:07,47.8342,-90.0476,48.335891,-89.26841800000001,False
31a0749a0e37d7380da6eab329f2735b,3520550088202337,"fraud_Tromp, Kerluke and Glover",grocery_net,27.43,2019-05-08 07:12:23,47.8342,-90.0476,48.692691,-89.912361,False
664eb7d0c02e25bf2e2ef2580804cbb2,3520550088202337,fraud_Kirlin and Sons,personal_care,21.61,2019-05-08 18:05:22,47.8342,-90.0476,47.052233,-89.293736,False
2443ce11a228d3b1d5d94be80d748f60,3520550088202337,fraud_Pfeffer LLC,grocery_net,107.3,2019-05-09 05:19:19,47.8342,-90.0476,47.492942,-90.516368,False
d612d27fb15528a7acdaed9cadc85019,3520550088202337,"fraud_Reinger, Weissnat and Strosin",food_dining,58.2,2019-05-09 18:45:59,47.8342,-90.0476,48.022162,-90.948412,False
fc07bd5389f0e00c103ddc38b15d96bc,3520550088202337,fraud_Roob-Okuneva,health_fitness,286.23,2019-05-09 23:29:18,47.8342,-90.0476,48.415445,-89.657224,False
7bdbe40dd587d40781a3a67af017fb53,3520550088202337,fraud_Cummings Group,grocery_net,61.14,2019-05-10 00:25:04,47.8342,-90.0476,46.99188,-89.948245,False
fac946d165dc0dd425d0ef9d13edb622,3520550088202337,fraud_Morissette PLC,shopping_pos,188.72,2019-05-10 16:53:44,47.8342,-90.0476,48.405961,-89.713976,False
959b7f20ddf4c348644a375c9b726d64,3520550088202337,fraud_Bednar PLC,kids_pets,6.89,2019-05-11 12:56:58,47.8342,-90.0476,47.135077,-89.409779,False
472c37460e203545ca955fc476de8d65,3520550088202337,fraud_VonRueden Group,grocery_net,41.67,2019-05-12 01:21:45,47.8342,-90.0476,48.18403,-89.119244,False
1b6122645e352733de7ec87f17fcd03b,3520550088202337,fraud_Kris-Padberg,shopping_pos,202.35,2019-05-12 21:49:48,47.8342,-90.0476,47.366107,-89.96923199999999,False
a9ab5d78f3ceaa0452eaa3d897e7fc94,3520550088202337,fraud_Auer-Mosciski,grocery_pos,52.3,2019-05-12 22:18:51,47.8342,-90.0476,48.586452,-89.657511,False
540fd2ed43605b73e7c3b393ea42d59f,3520550088202337,"fraud_Hagenes, Kohler and Hoppe",food_dining,8.06,2019-05-12 23:01:45,47.8342,-90.0476,48.753286,-89.985025,False
54f2249bc4c54878798db86ad4cdbedc,3520550088202337,fraud_Langworth LLC,personal_care,32.58,2019-05-12 23:52:14,47.8342,-90.0476,48.162099,-90.588756,False
fd422e851ae51e23abbec9524f1ef4fc,3520550088202337,fraud_Donnelly PLC,misc_net,179.34,2019-05-13 16:59:50,47.8342,-90.0476,48.036295,-90.62468,False
6c4419425c2e73d0470df947bcf70751,3520550088202337,"fraud_Boehm, Block and Jakubowski",misc_pos,94.47,2019-05-13 19:28:07,47.8342,-90.0476,47.74362,-89.697289,False
97839d9c318459b064d863515a596e7c,3520550088202337,fraud_Dibbert-Green,entertainment,79.78,2019-05-14 17:53:09,47.8342,-90.0476,47.355333,-90.931628,False
aeaf5d92d716d636c622bb728cd350e8,3520550088202337,fraud_Bruen-Yost,misc_pos,155.53,2019-05-16 19:54:50,47.8342,-90.0476,48.677137,-89.44654799999999,False
3c59a3b0df4055ec7f0a689c3b5d4d65,3520550088202337,fraud_Emard Inc,gas_transport,89.45,2019-05-18 03:20:31,47.8342,-90.0476,47.999715,-90.014353,False
42f619fc8733e6acce0b09cce70de44e,3520550088202337,"fraud_Harris, Gusikowski and Heaney",grocery_net,21.75,2019-05-18 07:09:12,47.8342,-90.0476,47.043009999999995,-89.991038,False
11a665c4ca5f9523a427b6a2516f8d14,3520550088202337,fraud_Price Inc,shopping_net,156.24,2019-05-18 16:00:39,47.8342,-90.0476,46.962098,-90.650332,False
c968cc10bf7afd5afbde85e28772ee8d,3520550088202337,"fraud_Schneider, Hayes and Nikolaus",food_dining,132.55,2019-05-18 16:49:12,47.8342,-90.0476,47.485587,-90.165506,False
e173d669ed5fa83e1b4078afb1df4e25,3520550088202337,fraud_Bauch-Blanda,entertainment,104.72,2019-05-18 17:26:22,47.8342,-90.0476,48.589059000000006,-90.780803,False
e6af4bbd1e953a8215ec7764a41cf6c1,3520550088202337,"fraud_Stehr, Jewess and Schimmel",misc_net,104.99,2019-05-18 18:01:48,47.8342,-90.0476,48.049482,-89.822212,False
986056e5f1d3e2aa9428cbc2f397310e,3520550088202337,"fraud_Dare, Fritsch and Zboncak",health_fitness,90.03,2019-05-18 22:25:27,47.8342,-90.0476,48.610059,-89.37231899999999,False
afc19a1aa77437950022e986e4fbaec2,3520550088202337,"fraud_Mosciski, Gislason and Mertz",grocery_pos,72.68,2019-05-19 07:56:51,47.8342,-90.0476,47.026965,-90.732629,False
4b6cb00707fc79761ad38886b8ef340e,3520550088202337,fraud_Huels-Nolan,gas_transport,68.73,2019-05-20 08:05:34,47.8342,-90.0476,47.092214,-89.139149,False
309d66020af53e697339b88084bd57ce,3520550088202337,fraud_Hamill-Daugherty,misc_net,143.5,2019-05-20 14:55:11,47.8342,-90.0476,47.044799,-89.87339,False
6df52b3d7a82675a18929b08f15038b7,3520550088202337,fraud_Schumm PLC,shopping_net,37.96,2019-05-20 20:00:20,47.8342,-90.0476,47.801992,-89.635504,False
fbe23dd9c641b4a0184211a9d66574d6,3520550088202337,fraud_Nader-Maggio,personal_care,3.79,2019-05-21 14:11:59,47.8342,-90.0476,47.142877,-90.571411,False
04dd1b5290f939c4c5147e5c863fa4ce,3520550088202337,fraud_Collier LLC,home,34.4,2019-05-22 18:15:49,47.8342,-90.0476,48.780621,-89.45344200000001,False
da0f9ac85aad21db30584d405fe64c36,3520550088202337,fraud_Heaney-Marquardt,entertainment,85.71,2019-05-22 19:34:50,47.8342,-90.0476,48.655156,-89.798001,False
5a50f5a6e9642f09d2367e8363341c20,3520550088202337,fraud_Durgan-Auer,misc_net,145.81,2019-05-22 23:05:53,47.8342,-90.0476,47.097938,-90.247171,False
8e383798a9c1683466328c7eb2edeb39,3520550088202337,fraud_Yost-Rogahn,personal_care,13.0,2019-05-23 16:58:55,47.8342,-90.0476,47.191116,-89.970043,False
51cedbb2f80a54aa7a48a8ce0cd2a9d7,3520550088202337,fraud_Ruecker Group,misc_net,52.07,2019-05-25 17:57:11,47.8342,-90.0476,47.895527,-90.332846,False
87fb9ef4a0d2126e92e16077b3ad42e5,3520550088202337,fraud_Ratke and Sons,health_fitness,16.21,2019-05-25 18:27:18,47.8342,-90.0476,48.227656,-89.064864,False
241cdf8adef2dc28d0efd6068bb7c0d1,3520550088202337,fraud_Strosin-Cruickshank,grocery_pos,54.14,2019-05-26 11:34:42,47.8342,-90.0476,48.830321999999995,-90.274544,False
48b1e673b7c6a55a5ba55104e363392a,3520550088202337,fraud_Langworth LLC,personal_care,115.31,2019-05-26 13:13:20,47.8342,-90.0476,48.506535,-89.554591,False
afe325bcfe5e3dbf709bf0a9540447fc,3520550088202337,fraud_Boyer PLC,misc_pos,142.54,2019-05-26 13:25:03,47.8342,-90.0476,48.532951,-90.053364,False
690c09a2d32f3dd0cc66bb4e7759d587,3520550088202337,fraud_Torphy-Kertzmann,health_fitness,5.88,2019-05-26 18:40:07,47.8342,-90.0476,47.313026,-89.22449399999999,False
59ade78663c879feac25844404b38fa1,3520550088202337,fraud_Schmeler Inc,misc_pos,196.27,2019-05-26 18:55:11,47.8342,-90.0476,48.485259,-90.707164,False
8f91073c77f810215a1e8218c8599ba5,3520550088202337,"fraud_Jones, Sawayn and Romaguera",misc_net,59.75,2019-05-26 19:08:32,47.8342,-90.0476,48.112168,-89.434774,False
5f2784a88e8b6c03282f813cd51e6b61,3520550088202337,"fraud_Kutch, Steuber and Gerhold",food_dining,6.67,2019-05-26 20:25:48,47.8342,-90.0476,47.517277,-90.065657,False
c1bbdbf89f85c5efb1a4cc589ae3499a,3520550088202337,fraud_Bahringer-Streich,food_dining,6.79,2019-05-26 22:55:19,47.8342,-90.0476,47.144397999999995,-89.619672,False
7bcfc63cab0b0ed14198e6a7b089bdfd,3520550088202337,fraud_Bahringer Group,health_fitness,67.25,2019-05-27 21:29:30,47.8342,-90.0476,47.271341,-90.238128,False
150558659ce07dd711e4158be5f29df0,3520550088202337,"fraud_Larkin, Stracke and Greenfelder",entertainment,45.27,2019-05-28 15:53:01,47.8342,-90.0476,47.81538,-90.791366,False
a142df45d7293de7e22fd9cc62321f17,3520550088202337,fraud_Hintz-Bruen,grocery_net,22.84,2019-05-29 03:48:01,47.8342,-90.0476,47.224038,-89.081932,False
1905a2b7403aec5777d4dfaea44ed340,3520550088202337,fraud_Pollich LLC,home,64.92,2019-05-29 19:36:45,47.8342,-90.0476,47.212576,-89.8418,False
e8e27c3c28bb86fde53bc927f494c727,3520550088202337,"fraud_Bernhard, Grant and Langworth",shopping_pos,163.54,2019-05-30 14:02:16,47.8342,-90.0476,47.708488,-91.034723,False
d08cb7c42b2649c7403d19d282fc30e6,3520550088202337,"fraud_Hermiston, Russel and Price",food_dining,35.0,2019-05-30 22:37:52,47.8342,-90.0476,47.755161,-90.629613,False
38180136ad36eb2435b2fabbe6b2555f,3520550088202337,"fraud_Hermiston, Russel and Price",food_dining,1.86,2019-05-31 13:18:36,47.8342,-90.0476,47.396802,-89.54233,False
e6b20443237d714aa5412a32d3f35d43,3520550088202337,fraud_Volkman Ltd,misc_net,77.29,2019-05-31 21:40:45,47.8342,-90.0476,48.403764,-89.06794599999999,False
e7a5c8f163944a170a0a4974a3d8d7f9,3520550088202337,fraud_Friesen-D'Amore,gas_transport,67.15,2019-06-01 08:44:27,47.8342,-90.0476,46.877751,-90.114311,False
c5ec9f5d1ff23de6cefe5a8fe3d4167c,3520550088202337,"fraud_Lind, Huel and McClure",gas_transport,46.42,2019-06-01 10:07:58,47.8342,-90.0476,47.089883,-89.27829200000001,False
181e9753822d0ee65b7efaa5e4ba41da,3520550088202337,fraud_Deckow-Dare,food_dining,18.91,2019-06-01 12:20:13,47.8342,-90.0476,48.169187,-89.4584,False
269919f4b2bdb3fa4396762e1fc0ae5e,3520550088202337,fraud_Yost-Rogahn,personal_care,11.15,2019-06-01 12:36:29,47.8342,-90.0476,48.37866,-89.253109,False
951048d29507da4a53dc13d716d162d4,3520550088202337,fraud_McDermott-Weimann,grocery_pos,78.8,2019-06-01 16:10:02,47.8342,-90.0476,48.577669,-90.588497,False
1571afcb2a4d6812660cc757a58d5d39,3520550088202337,fraud_Pacocha-Weissnat,kids_pets,4.93,2019-06-01 18:03:26,47.8342,-90.0476,47.809081,-89.33205699999999,False
2fc36fd8c044b7bf32f07b05f70c479c,3520550088202337,fraud_Fisher Inc,shopping_net,51.81,2019-06-01 18:40:20,47.8342,-90.0476,47.332571,-90.219192,False
0aea38a18065526e76b7d46b5dd71997,3520550088202337,"fraud_Kutch, Steuber and Gerhold",food_dining,9.76,2019-06-01 21:35:12,47.8342,-90.0476,47.507342,-90.67999,False
7344fe65886199235e63ec4b0e241915,3520550088202337,fraud_Hackett Group,travel,6.46,2019-06-01 22:40:50,47.8342,-90.0476,47.781161,-90.115861,False
d83306863b7dd8843150ace70390bc7a,3520550088202337,fraud_Wuckert-Walter,grocery_net,35.36,2019-06-02 05:21:13,47.8342,-90.0476,47.91042,-90.860204,False
9bccb80685fe35eeebf3e0b9fb5131ed,3520550088202337,fraud_Barton LLC,kids_pets,67.87,2019-06-02 13:41:27,47.8342,-90.0476,47.402594,-90.072124,False
b165c6920cf48d38f665587447d2e58c,3520550088202337,"fraud_Graham, Hegmann and Hammes",food_dining,5.97,2019-06-02 14:03:34,47.8342,-90.0476,46.935409,-89.946126,False
675245284b74dfcab85823a97ab8decf,3520550088202337,fraud_Dietrich-Fadel,health_fitness,5.39,2019-06-02 17:35:22,47.8342,-90.0476,47.3074,-89.066001,False
5f1d0a127d042f2c321197c3c7608f3e,3520550088202337,"fraud_Olson, Becker and Koch",gas_transport,64.16,2019-06-03 07:03:19,47.8342,-90.0476,48.325513,-89.925524,False
c4478f4c18e1efc565e5411e148c1f08,3520550088202337,fraud_Kertzmann LLC,health_fitness,28.59,2019-06-03 15:52:31,47.8342,-90.0476,48.62319,-89.630554,False
1ecd708b8fccc905a551fa1ea0f368f8,3520550088202337,fraud_Denesik and Sons,shopping_pos,126.86,2019-06-03 17:21:29,47.8342,-90.0476,48.461525,-90.246535,False
bd0e1e9de75e36c5567196edd0e7e2bc,3520550088202337,fraud_Klein Group,entertainment,120.71,2019-06-05 17:15:32,47.8342,-90.0476,48.115827,-89.98756,False
31640a442cc5d946d5ef5fffff1f880c,3520550088202337,fraud_Lubowitz-Walter,kids_pets,76.17,2019-06-06 13:56:05,47.8342,-90.0476,47.290883,-89.59023,False
b0e3b58b19d54730402e9643c1b75e44,3520550088202337,"fraud_Little, Gutmann and Lynch",shopping_net,25.32,2019-06-07 13:15:59,47.8342,-90.0476,48.58475,-89.198375,False
04db6f083dac31e684b51157598f9ad7,3520550088202337,fraud_Erdman-Ebert,personal_care,3.37,2019-06-07 16:48:20,47.8342,-90.0476,47.050389,-90.916284,False
5cb28523a8c1b1d5a3a6817e706f6f50,3520550088202337,fraud_Rodriguez Group,gas_transport,87.15,2019-06-08 00:04:37,47.8342,-90.0476,47.493521,-89.401607,False
db13281a977d832eeef65c2bf3133f0c,3520550088202337,fraud_Schuppe LLC,entertainment,99.26,2019-06-08 16:47:12,47.8342,-90.0476,47.870968,-90.025042,False
8ad3a4d52e21bd4f0ac79f2bbf7516db,3520550088202337,fraud_Schumm PLC,shopping_net,28.94,2019-06-08 18:37:34,47.8342,-90.0476,47.348421,-90.182505,False
e762ed0caed509807301be05c4f4dd94,3520550088202337,fraud_Kutch LLC,gas_transport,74.23,2019-06-09 06:02:50,47.8342,-90.0476,48.445925,-89.979159,False
cb7b37087ca5f87b2fb7b3dd9c475e76,3520550088202337,"fraud_Streich, Hansen and Veum",gas_transport,50.44,2019-06-13 04:10:15,47.8342,-90.0476,48.555761,-90.012663,False
a380c507c567ed5a880170895d2eff13,3520550088202337,fraud_Erdman-Kertzmann,gas_transport,63.9,2019-06-13 06:00:46,47.8342,-90.0476,48.431544,-89.145839,False
b3e53ed1df8dfb818c93716bf803332e,3520550088202337,"fraud_Klocko, Runolfsdottir and Breitenberg",health_fitness,32.64,2019-06-14 21:10:45,47.8342,-90.0476,47.511765999999994,-90.25253,False
598f452c2c0206b8f06ed34114096a64,3520550088202337,"fraud_Kerluke, Kertzmann and Wiza",misc_net,92.57,2019-06-15 13:57:26,47.8342,-90.0476,47.920103000000005,-89.99406,False
a43c36f19bf5d7f77cd609375aa270b8,3520550088202337,fraud_McGlynn-Heathcote,misc_net,102.46,2019-06-15 14:41:11,47.8342,-90.0476,47.279796999999995,-90.587536,False
fb9880356963b7f3d34b09783b49d29d,3520550088202337,fraud_Kuhic LLC,shopping_net,472.54,2019-06-15 19:28:50,47.8342,-90.0476,47.627435,-89.79636500000001,False
f3de41f7e02e854a8d610919bff2bdde,3520550088202337,fraud_Lubowitz-Walter,kids_pets,11.21,2019-06-15 21:24:05,47.8342,-90.0476,48.300388,-90.827058,False
49eada7020169c81741d54a2dce3567d,3520550088202337,"fraud_Greenholt, Jacobi and Gleason",gas_transport,72.54,2019-06-16 08:05:41,47.8342,-90.0476,47.041032,-89.68842,False
6ff3d42c7492ac8bd4230f8c9271b37b,3520550088202337,fraud_Padberg-Rogahn,entertainment,41.28,2019-06-16 12:40:03,47.8342,-90.0476,47.585556,-89.560338,False
5f135daf80d763edcb26fe50913a950a,3520550088202337,fraud_Hudson-Grady,shopping_pos,223.02,2019-06-16 13:01:47,47.8342,-90.0476,47.429615000000005,-89.620786,False
0a6368ef6a3a3ca8f6470d38bd4939a5,3520550088202337,"fraud_Kovacek, Dibbert and Ondricka",grocery_pos,55.26,2019-06-16 13:18:14,47.8342,-90.0476,48.097074,-90.120217,False
b8a77d049a7d931a2ce78bceec1ee1d6,3520550088202337,fraud_Cummerata-Hilpert,entertainment,71.96,2019-06-16 16:00:19,47.8342,-90.0476,47.907597,-89.30284499999999,False
2a2883bfe8969b514fa88eba651f02de,3520550088202337,fraud_Kling Inc,gas_transport,42.32,2019-06-17 04:29:23,47.8342,-90.0476,47.174249,-90.648798,False
6b6faab2fc4fbc84409bac7462e1e8dd,3520550088202337,"fraud_Olson, Becker and Koch",gas_transport,89.49,2019-06-17 05:08:40,47.8342,-90.0476,46.867126,-89.598614,False
0dd81520535faf5d12c48cafee035a08,3520550088202337,"fraud_Champlin, Rolfson and Connelly",travel,9.46,2019-06-17 18:04:18,47.8342,-90.0476,48.395073,-90.784169,False
7d643b2622578143713afc9fe616a389,3520550088202337,"fraud_Altenwerth, Cartwright and Koss",shopping_net,39.65,2019-06-17 22:11:40,47.8342,-90.0476,47.445831,-89.485287,False
77b46f806a1f0a2b19731e7aa1e83360,3520550088202337,fraud_Huels-Nolan,gas_transport,83.99,2019-06-18 01:35:11,47.8342,-90.0476,47.230075,-90.963025,False
f2c1c9ccff415fc74ef0588ed73d80f0,3520550088202337,fraud_Haley Group,misc_pos,60.18,2019-06-19 17:55:00,47.8342,-90.0476,46.874989,-89.21939300000001,False
1accb0556b0e87b655113d87df9700c4,3520550088202337,"fraud_Lehner, Mosciski and King",misc_net,39.48,2019-06-19 23:30:32,47.8342,-90.0476,47.947619,-90.257108,False
e1dac7483432779550800f871209cf9a,3520550088202337,fraud_Conroy-Emard,food_dining,1.03,2019-06-22 15:22:06,47.8342,-90.0476,46.904665,-90.784174,False
4757e86e279ed65cbe580a3c8a902aaf,3520550088202337,"fraud_Cremin, Hamill and Reichel",misc_pos,113.59,2019-06-22 15:41:15,47.8342,-90.0476,47.124158,-89.051323,False
92d7b05336ecc43685e420b88fc2e45e,3520550088202337,fraud_Connelly PLC,food_dining,3.69,2019-06-22 16:15:37,47.8342,-90.0476,48.617593,-89.77429000000001,False
3a408f07b45cf9a2d3a8214f603c2143,3520550088202337,fraud_Gutmann Ltd,grocery_net,44.19,2019-06-23 00:39:25,47.8342,-90.0476,48.022515000000006,-89.343754,False
df168ba58974b5c8bb78ba7aa16d4d73,3520550088202337,fraud_Mante Group,misc_net,67.27,2019-06-23 12:38:11,47.8342,-90.0476,47.23216,-90.068536,False
18d9070b947028d6d4f8e803d6dc4b7c,3520550088202337,"fraud_Hahn, Bahringer and McLaughlin",personal_care,9.95,2019-06-23 20:28:13,47.8342,-90.0476,47.663732,-89.823327,False
7b3cefe81e335498482c19f7ba534b74,3520550088202337,"fraud_Hahn, Bahringer and McLaughlin",personal_care,229.42,2019-06-24 20:10:56,47.8342,-90.0476,47.153642,-90.141234,False
6d2e7453f912636932a1492afb467377,3520550088202337,fraud_Kozey-Boehm,shopping_net,318.79,2019-06-27 19:52:25,47.8342,-90.0476,48.198618,-89.878073,False
116135a99e5ad449fa4295682ed674de,3520550088202337,fraud_Marks Inc,gas_transport,51.43,2019-06-29 06:35:15,47.8342,-90.0476,48.755893,-89.363754,False
7566a910881ead8266b4edd9ff4088e2,3520550088202337,"fraud_Robel, Cummerata and Prosacco",gas_transport,66.46,2019-06-29 10:51:26,47.8342,-90.0476,48.486778,-89.77525,False
c8c2082522d87914fba8811ad919064e,3520550088202337,fraud_Emmerich-Rau,personal_care,17.95,2019-06-29 13:47:57,47.8342,-90.0476,47.067834000000005,-90.741238,False
927c660615a3429bb69f4fa3458cf42d,3520550088202337,fraud_Kihn-Schuster,food_dining,1.15,2019-06-29 13:54:20,47.8342,-90.0476,46.922799,-90.595804,False
129b2df0f8116dd0c227e54910871389,3520550088202337,fraud_Fritsch LLC,travel,7.2,2019-06-29 17:04:19,47.8342,-90.0476,47.639818,-89.633325,False
e401d06f536a07c25c628caddb9e898c,3520550088202337,"fraud_Boehm, Block and Jakubowski",misc_pos,41.47,2019-06-30 13:05:27,47.8342,-90.0476,48.098914,-90.217486,False
dcdb364560ea62d99d9646ae745086df,3520550088202337,fraud_Dach-Nader,misc_net,51.19,2019-06-30 23:15:09,47.8342,-90.0476,47.946169,-89.58023399999999,False
1effcc900be6ebf80ac462b465d39e1e,3520550088202337,fraud_Kuhn LLC,misc_net,81.37,2019-06-30 23:18:17,47.8342,-90.0476,47.751763,-89.763641,False
09b55a4e3ca63cf2251c058b1b1deca3,3520550088202337,fraud_Luettgen PLC,gas_transport,47.01,2019-07-01 05:32:18,47.8342,-90.0476,48.550484999999995,-89.650477,False
6b24f952cbd63e6e94879edea9c25750,3520550088202337,"fraud_Roberts, Daniel and Macejkovic",kids_pets,8.26,2019-07-01 12:43:39,47.8342,-90.0476,46.923916,-90.708177,False
8a4819706cad1b3a2c96ab3c65a481dc,3520550088202337,"fraud_Bahringer, Osinski and Block",food_dining,2.45,2019-07-01 14:14:10,47.8342,-90.0476,47.862548,-89.79704100000001,False
e8fd284eab8ee6bade251d91516d65d4,3520550088202337,fraud_Bode-Rempel,kids_pets,11.97,2019-07-01 18:00:35,47.8342,-90.0476,47.529625,-90.81028,False
e06a32bea718b0a61a562a6a441d739f,3520550088202337,fraud_Waelchi-Wolf,kids_pets,86.72,2019-07-01 19:08:51,47.8342,-90.0476,48.49479,-89.226709,False
b9af2bc7fbc3e11fa07ff69e6cbc08bd,3520550088202337,fraud_Waelchi-Wolf,kids_pets,72.78,2019-07-02 22:27:51,47.8342,-90.0476,48.460774,-90.644402,False
a49435366fbd0ee1a26a3fe80dfff01a,3520550088202337,fraud_Friesen Inc,shopping_pos,94.56,2019-07-03 13:13:35,47.8342,-90.0476,48.308771,-89.747522,False
e78f21c00af023fce2a9d4179204b995,3520550088202337,fraud_Bogisich-Weimann,kids_pets,18.55,2019-07-05 17:46:25,47.8342,-90.0476,47.154213,-90.411603,False
7067ca01973adc9015c500b9e7f6f523,3520550088202337,"fraud_Eichmann, Hayes and Treutel",travel,5.16,2019-07-05 21:55:14,47.8342,-90.0476,47.442611,-89.925386,False
0974b6a77f083b99e90d1da98f34f364,3520550088202337,fraud_Buckridge PLC,misc_pos,243.01,2019-07-05 23:42:29,47.8342,-90.0476,48.672793,-89.3732,False
929b9e166e1c5dc5aa03ab0e4e8fa6b6,3520550088202337,"fraud_Raynor, Reinger and Hagenes",gas_transport,65.63,2019-07-06 06:26:20,47.8342,-90.0476,47.248079,-90.121187,False
2610631f8289de9260b5788942754d48,3520550088202337,fraud_Dibbert and Sons,entertainment,48.3,2019-07-07 12:13:21,47.8342,-90.0476,48.571914,-90.617068,False
ed6792b71417995febcd23f99ea657a2,3520550088202337,fraud_Kirlin and Sons,personal_care,54.68,2019-07-07 13:49:36,47.8342,-90.0476,48.533627,-89.30541600000001,False
e0a50100a1043ac7f72fd54d78f7edf1,3520550088202337,"fraud_Metz, Russel and Metz",kids_pets,24.09,2019-07-07 14:55:46,47.8342,-90.0476,46.869691,-89.836535,False
ac5df16073da7119f7b5346b2afdaa98,3520550088202337,fraud_Ziemann-Waters,health_fitness,6.01,2019-07-07 18:32:44,47.8342,-90.0476,47.743655,-90.325931,False
b89c7965d2b81043d6410c0d52f02d90,3520550088202337,fraud_Kris-Kertzmann,travel,8.05,2019-07-07 22:30:47,47.8342,-90.0476,48.480379,-89.65868499999999,False
2823c82bbec22a59e9633af03b180b88,3520550088202337,fraud_Schumm PLC,health_fitness,24.56,2019-07-07 23:19:17,47.8342,-90.0476,48.283017,-89.561485,False
30357c3a1ae5281049ad37f8e8c6bfb3,3520550088202337,fraud_Schiller Ltd,personal_care,10.23,2019-07-07 23:45:20,47.8342,-90.0476,48.128165,-89.425227,False
b6ae7dc039aab21dcc3c2f50e7c25b69,3520550088202337,fraud_Volkman Ltd,misc_net,328.69,2019-07-08 16:27:49,47.8342,-90.0476,47.888107,-89.842016,False
01e68d75ca568325717b04e7563480d7,3520550088202337,fraud_Friesen Inc,shopping_pos,172.73,2019-07-08 17:01:53,47.8342,-90.0476,47.957935,-90.106592,False
d2aa0fda4421bae5195068e180529a88,3520550088202337,fraud_Harris Group,food_dining,35.35,2019-07-08 18:20:17,47.8342,-90.0476,46.907555,-89.188521,False
b5f8b271f2c421c5b986a7007b7580ec,3520550088202337,fraud_Kassulke Inc,entertainment,68.3,2019-07-09 21:52:18,47.8342,-90.0476,47.227,-89.410613,False
ff7b840805390dccdb227572c5a6d660,3520550088202337,fraud_Rippin-VonRueden,health_fitness,3.66,2019-07-10 12:10:17,47.8342,-90.0476,48.050360999999995,-89.676946,False
4d5b8dd22e888f589d364f27a0ac4f67,3520550088202337,"fraud_Yost, Block and Koepp",misc_pos,133.87,2019-07-10 14:12:22,47.8342,-90.0476,46.888715000000005,-90.177615,False
eaf21fc33497aae4f768d8788c1e03e0,3520550088202337,fraud_Kessler Group,travel,7.36,2019-07-13 22:59:15,47.8342,-90.0476,48.51562,-89.67405500000001,False
2b2fe3e61c738a7cb479e55c097bb9b8,3520550088202337,fraud_Fritsch and Sons,health_fitness,97.04,2019-07-14 14:58:11,47.8342,-90.0476,47.723799,-89.769033,False
156dc623fb360ab6924d35ca9a6d8d3a,3520550088202337,"fraud_Watsica, Haag and Considine",shopping_pos,160.88,2019-07-14 15:17:07,47.8342,-90.0476,48.74966,-89.44870300000001,False
c32235e88047f22eb4ec391679407307,3520550088202337,fraud_Kling-Ernser,entertainment,67.69,2019-07-14 15:48:23,47.8342,-90.0476,47.297666,-90.025575,False
178f862fc2afa6eedde478e4d5e9386d,3520550088202337,"fraud_Hettinger, McCullough and Fay",home,2.6,2019-07-14 22:42:19,47.8342,-90.0476,47.880212,-90.977505,False
0275f6137ebfa6bf294e7d0c510cb2a4,3520550088202337,fraud_Nader-Heller,misc_net,140.76,2019-07-14 23:38:01,47.8342,-90.0476,48.200025,-90.029054,False
f5cb1cbd63e487f540056f4b02806fe8,3520550088202337,"fraud_Streich, Hansen and Veum",gas_transport,48.46,2019-07-15 00:35:15,47.8342,-90.0476,48.05342,-90.310762,False
80971ccb1b57df5b85d2ee840afbe511,3520550088202337,fraud_Murray-Smitham,grocery_pos,20.38,2019-07-16 07:09:15,47.8342,-90.0476,47.975949,-89.129544,False
6ccb45663feb419cc4554657ffcd1997,3520550088202337,fraud_Friesen Inc,shopping_pos,141.44,2019-07-17 23:41:13,47.8342,-90.0476,48.030326,-91.045901,False
ba3bd272f63550d14f2ff00b271c9766,3520550088202337,fraud_Emmerich-Rau,personal_care,1.05,2019-07-18 15:54:43,47.8342,-90.0476,48.758083,-89.392398,False
8b500a1e35e4d72042c90b54adbd0303,3520550088202337,"fraud_Lakin, Ferry and Beatty",food_dining,5.68,2019-07-18 17:25:14,47.8342,-90.0476,47.199927,-90.371733,False
d050bcea8ee914ddd5272962d2837459,3520550088202337,fraud_Wilkinson Ltd,entertainment,101.16,2019-07-18 21:31:39,47.8342,-90.0476,47.872976,-89.738315,False
e5e9f59fadcd910e323e95873b4006cd,3520550088202337,"fraud_Hayes, Marquardt and Dibbert",misc_net,91.73,2019-07-20 18:24:10,47.8342,-90.0476,46.949001,-89.325632,False
ce31a436590cc592f13fac5c8a765b7a,3520550088202337,"fraud_Hauck, Dietrich and Funk",kids_pets,47.56,2019-07-20 20:48:16,47.8342,-90.0476,46.961239,-90.186764,False
e7f367f7ab9fff8cec86064338c87a0b,3520550088202337,fraud_Harris Inc,gas_transport,76.1,2019-07-21 09:30:55,47.8342,-90.0476,46.942373,-90.132477,False
ce96a62f6de41fcecf0fcb86e57c1246,3520550088202337,"fraud_Hermiston, Russel and Price",food_dining,5.59,2019-07-21 17:01:14,47.8342,-90.0476,48.480142,-89.1733,False
4f2b56ddab7a64b15e9f12a17cbde30d,3520550088202337,fraud_Kerluke-Abshire,shopping_net,91.25,2019-07-21 18:15:15,47.8342,-90.0476,48.232857,-89.759047,False
56077b7fd6ac36d4358e0d66d6e58c2b,3520550088202337,fraud_Leffler-Goldner,personal_care,29.09,2019-07-22 13:52:36,47.8342,-90.0476,48.457252,-89.36884599999999,False
8ac6aa007caccbca4f3501f0b57a456d,3520550088202337,fraud_Ratke and Sons,health_fitness,35.61,2019-07-22 14:05:00,47.8342,-90.0476,47.169908,-90.457941,False
ffccdec4e3770bee1773cb3a7ebd4a99,3520550088202337,fraud_Herzog Ltd,misc_pos,260.47,2019-07-22 16:42:54,47.8342,-90.0476,47.751248,-90.103785,False
8eaae648e6d05f63c0021574be91910e,3520550088202337,fraud_Kilback and Sons,entertainment,63.22,2019-07-23 19:50:19,47.8342,-90.0476,48.721082,-89.49880999999999,False
d1380e1231fd291ed864c86d4b4f11d8,3520550088202337,fraud_Corwin-Romaguera,travel,3.44,2019-07-23 20:28:41,47.8342,-90.0476,47.396553,-90.332945,False
1a11be3779f60b6e7337c511f20e3d83,3520550088202337,fraud_Torp-Lemke,misc_pos,251.9,2019-07-24 15:48:58,47.8342,-90.0476,47.161194,-90.159817,False
ac9f85367f950f03772c1551c881158c,3520550088202337,fraud_Volkman-Predovic,shopping_net,7.03,2019-07-25 12:00:32,47.8342,-90.0476,47.563842,-90.31619,False
550ca75d2c9d951d14a2763c39cc557e,3520550088202337,fraud_Volkman Ltd,misc_net,74.21,2019-07-27 14:20:33,47.8342,-90.0476,48.506239,-90.363912,False
7c4c47c890d750db95e5e6cec0c6efbd,3520550088202337,fraud_Stark-Koss,home,34.18,2019-07-27 15:41:21,47.8342,-90.0476,47.549890999999995,-89.53485699999999,False
950318f4bea8eb2a1176b2d3adcc4b9d,3520550088202337,fraud_Brown Inc,kids_pets,5.83,2019-07-27 15:43:55,47.8342,-90.0476,48.481203,-90.459674,False
09f6839f2718dc78b3effb6662c5ed14,3520550088202337,"fraud_Baumbach, Feeney and Morar",shopping_net,5.57,2019-07-27 16:03:20,47.8342,-90.0476,46.959539,-90.096906,False
5ac5f984b2d9ddda6fc0740ae336aef0,3520550088202337,fraud_Mohr-Bayer,shopping_net,8.43,2019-07-27 17:42:33,47.8342,-90.0476,48.609103999999995,-90.123581,False
569c0af1862916bc8dbd3dbff12f8565,3520550088202337,fraud_Wisozk and Sons,misc_pos,132.17,2019-07-28 12:18:12,47.8342,-90.0476,47.950749,-90.108689,False
f5c5961bc5937ff416b2e748ffcec03d,3520550088202337,"fraud_Fadel, Mertz and Rippin",entertainment,71.53,2019-07-28 22:05:56,47.8342,-90.0476,48.766756,-90.718074,False
419462a2e55bf206a0de9c6eb95b115c,3520550088202337,fraud_Waters-Cruickshank,health_fitness,3.66,2019-07-29 17:43:17,47.8342,-90.0476,47.474041,-90.628438,False
d038b141c17f2e2b742765a6d5482d79,3520550088202337,"fraud_Baumbach, Hodkiewicz and Walsh",shopping_pos,69.59,2019-07-29 21:46:11,47.8342,-90.0476,46.987632,-89.107372,False
387ea1659f4cb6fe13393547a2d5d6a2,3520550088202337,"fraud_Schumm, McLaughlin and Carter",food_dining,2.77,2019-07-29 23:24:40,47.8342,-90.0476,47.561949,-90.130963,False
d1383826a1e192926472b49cbad7ee49,3520550088202337,"fraud_Swaniawski, Lowe and Robel",shopping_pos,115.24,2019-07-30 13:36:19,47.8342,-90.0476,48.491443,-89.506922,False
58228254e44a10c61977a603c9dd2427,3520550088202337,fraud_Spinka Inc,grocery_net,69.3,2019-07-31 05:15:07,47.8342,-90.0476,47.722946,-89.757094,False
fa3a1058c1171f044870f2f5d2e48c8c,3520550088202337,fraud_Boyer PLC,shopping_net,457.41,2019-07-31 13:04:40,47.8342,-90.0476,48.007276,-90.528817,False
4081f0c7128373b580878f1763f1726b,3520550088202337,"fraud_Lockman, West and Runte",grocery_pos,76.96,2019-08-01 03:03:56,47.8342,-90.0476,46.991164000000005,-89.81047,False
e00aaab7b9d877cda8c9b24a6326ab4c,3520550088202337,fraud_Powlowski-Weimann,food_dining,25.69,2019-08-01 14:33:05,47.8342,-90.0476,48.066036,-89.766524,False
207b28fa85ce6bd948b39579a6136575,3520550088202337,fraud_Maggio-Fahey,misc_pos,78.3,2019-08-01 21:12:06,47.8342,-90.0476,48.243454,-89.908748,False
ca0cedf37452f990fad26a06827deb5c,3520550088202337,fraud_Erdman-Kertzmann,gas_transport,63.54,2019-08-03 00:53:10,47.8342,-90.0476,48.682768,-89.473111,False
14bc8b838ebf6d26f7f0802e986bcb52,3520550088202337,"fraud_Stroman, Hudson and Erdman",gas_transport,70.28,2019-08-04 00:49:20,47.8342,-90.0476,48.356987,-90.247584,False
5621c9d2b7e870717b1f0b0345736263,3520550088202337,"fraud_Adams, Kovacek and Kuhlman",grocery_net,28.03,2019-08-04 10:53:11,47.8342,-90.0476,47.320803000000005,-90.038937,False
f927974559d95b3a80a0d31ba9507ca3,3520550088202337,"fraud_Bernhard, Grant and Langworth",shopping_pos,112.25,2019-08-04 12:01:29,47.8342,-90.0476,46.895068,-89.721683,False
349a27e5142aa75d9d25cd36e36baa3c,3520550088202337,"fraud_Bernhard, Grant and Langworth",shopping_pos,135.67,2019-08-04 15:04:06,47.8342,-90.0476,47.598719,-90.505109,False
3fbfad9669bbe31cc63ed52c3821c8de,3520550088202337,fraud_Rau-Robel,kids_pets,132.82,2019-08-04 15:29:47,47.8342,-90.0476,47.548925,-89.712241,False
b7463dd17e5bad70cf7b07462a5c1266,3520550088202337,"fraud_Hermiston, Pacocha and Smith",health_fitness,58.57,2019-08-04 19:50:16,47.8342,-90.0476,47.904578,-90.720808,False
c6c7eb1346109bcc6eb7efc975e4c517,3520550088202337,fraud_Leannon-Ward,food_dining,4.04,2019-08-04 22:50:16,47.8342,-90.0476,47.161814,-89.06902,False
a002434d86315fa2aae4971ddf0b6c1e,3520550088202337,fraud_Goyette-Herzog,travel,4.28,2019-08-05 16:31:18,47.8342,-90.0476,46.918968,-90.506167,False
3f7a8c8ad0686873bbb83a1360b0d22a,3520550088202337,fraud_Waelchi-Wolf,kids_pets,59.55,2019-08-05 21:07:28,47.8342,-90.0476,47.480439,-89.22157800000001,False
9f845c43aed480847192e833aef13e86,3520550088202337,fraud_Runte-Mohr,food_dining,91.98,2019-08-05 21:43:11,47.8342,-90.0476,47.7617,-90.901029,False
b1ca70e73d725be0fa40f848b90b9b56,3520550088202337,"fraud_Moen, Reinger and Murphy",grocery_pos,52.78,2019-08-07 01:08:55,47.8342,-90.0476,47.003756,-89.57289499999999,False
647c7b425852c174a3210976a6b2465b,3520550088202337,fraud_Christiansen-Gusikowski,misc_pos,193.74,2019-08-07 12:53:49,47.8342,-90.0476,48.652246000000005,-89.189264,False
1f64931315fd0bb3fcd0b81cb6c3e3e0,3520550088202337,fraud_Dooley-Thompson,misc_net,145.17,2019-08-09 18:29:02,47.8342,-90.0476,47.488066,-90.616474,False
8f7bd4eec3af4282fd18452c85428da8,3520550088202337,fraud_Kihn Inc,shopping_pos,91.49,2019-08-09 21:47:34,47.8342,-90.0476,48.824428000000005,-90.544736,False
9c697347ff22e78fe2cf62d11a85f9d7,3520550088202337,fraud_Rodriguez Group,gas_transport,54.13,2019-08-10 10:45:07,47.8342,-90.0476,47.104345,-90.741493,False
2e4660930f35c8f707d5456d57728e8f,3520550088202337,"fraud_Kunze, Larkin and Mayert",travel,4.7,2019-08-10 17:12:40,47.8342,-90.0476,47.590243,-90.309461,False
feb6351ca222ad9780429fc85e2b79b4,3520550088202337,"fraud_Becker, Harris and Harvey",personal_care,3.94,2019-08-10 20:53:40,47.8342,-90.0476,48.160041,-90.675237,False
011a4caaa232a6014bd8e4f713993881,3520550088202337,fraud_Weimann-Lockman,kids_pets,58.53,2019-08-12 16:12:50,47.8342,-90.0476,47.095352,-90.807668,False
00cd6cf8f7270cca0d0de25b7b3c01bb,3520550088202337,"fraud_Champlin, Rolfson and Connelly",travel,1.57,2019-08-12 16:38:47,47.8342,-90.0476,47.566916,-90.415436,False
b465728b38d898f8966001128d83aea1,3520550088202337,"fraud_Walter, Hettinger and Kessler",personal_care,144.6,2019-08-12 17:15:33,47.8342,-90.0476,48.149527,-90.00715,False
e4743fe264d90edb76990b4b000acee9,3520550088202337,fraud_Torphy-Kertzmann,health_fitness,85.45,2019-08-13 19:03:31,47.8342,-90.0476,47.878609,-89.85884200000001,False
f385cd6af7b3054723a56ec1709fab4b,3520550088202337,fraud_Bartoletti and Sons,personal_care,143.79,2019-08-13 23:41:26,47.8342,-90.0476,47.629278,-89.82673,False
a5753c42e0fdfb7c0c4e1626d872399f,3520550088202337,fraud_Monahan-Morar,personal_care,92.35,2019-08-16 14:58:05,47.8342,-90.0476,47.851421,-90.719516,False
d01e72a0e61bdc00ef162be42c411933,3520550088202337,fraud_Erdman-Durgan,health_fitness,37.33,2019-08-16 20:49:50,47.8342,-90.0476,48.050219,-89.831592,False
efacbe3405042295dd99581806733045,3520550088202337,fraud_Bartoletti-Wunsch,gas_transport,80.15,2019-08-17 03:20:27,47.8342,-90.0476,48.039417,-90.235497,False
827a4821d71c2df3d8e53690a6e3876b,3520550088202337,"fraud_Streich, Dietrich and Barton",shopping_net,67.86,2019-08-17 16:59:22,47.8342,-90.0476,47.954675,-89.81699,False
37b5ee17fae906ce6a6d4bcf9f3bc44b,3520550088202337,fraud_Dare-Marvin,entertainment,157.14,2019-08-17 23:12:47,47.8342,-90.0476,46.858897,-90.265201,False
f5b94d0f0fa4219da54abce3f038f365,3520550088202337,fraud_Bins-Tillman,entertainment,104.84,2019-08-18 12:10:22,47.8342,-90.0476,46.850918,-90.01249200000001,False
6e7124bb8fb85f9e17ef92dabaf57194,3520550088202337,"fraud_Konopelski, Schneider and Hartmann",food_dining,5.42,2019-08-18 15:49:04,47.8342,-90.0476,48.431736,-90.801501,False
7c7613de0f333de741079d6295282d8c,3520550088202337,"fraud_Bins, Balistreri and Beatty",shopping_pos,118.78,2019-08-18 19:54:30,47.8342,-90.0476,47.686595,-90.82486,False
f7969c270b1c20e1267d870bf259d410,3520550088202337,fraud_Spinka Inc,grocery_net,10.08,2019-08-19 07:10:42,47.8342,-90.0476,48.156015999999994,-90.626583,False
1a456291abd2c51ef2c2d184b7c95c69,3520550088202337,fraud_Schamberger-O'Keefe,grocery_pos,67.5,2019-08-19 07:47:55,47.8342,-90.0476,47.479244,-90.260003,False
2f4859bf48b3861b17669c22d1e6d804,3520550088202337,"fraud_Quitzon, Green and Bashirian",shopping_pos,139.61,2019-08-19 12:31:12,47.8342,-90.0476,48.524356,-89.108419,False
a5e84ca5f6c2f8003291942c1a94e822,3520550088202337,"fraud_Watsica, Haag and Considine",shopping_pos,126.08,2019-08-19 12:56:52,47.8342,-90.0476,47.416115000000005,-89.93553299999999,False
8d9f9d72e34df7b24a6c659227c3ca01,3520550088202337,fraud_Towne LLC,misc_pos,77.39,2019-08-19 14:06:27,47.8342,-90.0476,47.997659000000006,-90.968928,False
d7fd919ae2b943b6d9eb9eb27863398c,3520550088202337,fraud_Gleason-Macejkovic,shopping_net,12.74,2019-08-19 14:08:52,47.8342,-90.0476,48.599052,-90.498865,False
116c8f8b62d2351c096db0261cf9272f,3520550088202337,"fraud_Feil, Hilpert and Koss",food_dining,52.14,2019-08-19 19:34:14,47.8342,-90.0476,47.04929,-91.005267,False
ee12bdd73ab577ce2a50276be772fb92,3520550088202337,fraud_Kuvalis Ltd,gas_transport,66.14,2019-08-21 01:47:45,47.8342,-90.0476,48.67703,-90.672627,False
d00eae1a591244101522f48715927d48,3520550088202337,"fraud_Greenholt, Jacobi and Gleason",gas_transport,52.59,2019-08-21 07:19:03,47.8342,-90.0476,47.210256,-90.254433,False
59d495a9d8ff3ef5d8a77ae89838be98,3520550088202337,fraud_Conroy-Emard,food_dining,6.96,2019-08-21 13:47:05,47.8342,-90.0476,47.542311,-89.855065,False
7a68aee5e4d47de1173153b7664457cf,3520550088202337,"fraud_Medhurst, Cartwright and Ebert",personal_care,10.57,2019-08-21 21:28:11,47.8342,-90.0476,46.960328,-90.569418,False
c6261f20642d95bb95b1071237519b33,3520550088202337,"fraud_Streich, Rolfson and Wilderman",kids_pets,34.72,2019-08-22 22:54:44,47.8342,-90.0476,47.374799,-89.92463000000001,False
c10596f7165a65db1f5be1d188825aff,3520550088202337,"fraud_Lubowitz, Terry and Stracke",personal_care,65.19,2019-08-23 23:35:08,47.8342,-90.0476,47.254934000000006,-89.36609,False
10f35531c61fac22098671e5584bc673,3520550088202337,fraud_Powlowski-Weimann,food_dining,11.92,2019-08-24 20:47:41,47.8342,-90.0476,46.982627,-89.14090999999999,False
0274a6d04ed87eba622caf4cb426bfc2,3520550088202337,"fraud_Eichmann, Hayes and Treutel",travel,7.72,2019-08-25 13:00:03,47.8342,-90.0476,47.19675,-90.369197,False
c6260adc6379d3d992e044834092367c,3520550088202337,fraud_Nader-Maggio,personal_care,82.7,2019-08-25 18:09:42,47.8342,-90.0476,47.181173,-90.991432,False
710be4e912f70ebf6aa280a23dc51d26,3520550088202337,fraud_Dach-Nader,misc_net,72.0,2019-08-25 20:44:19,47.8342,-90.0476,48.280889,-89.497309,False
e0fcaa428df055b5464a8022a194b9c4,3520550088202337,fraud_Deckow-Dare,food_dining,3.47,2019-08-25 22:18:32,47.8342,-90.0476,48.006715,-90.146881,False
c2efe7b1dc15d7912070514d6a4deca7,3520550088202337,fraud_Hoppe-Parisian,kids_pets,156.72,2019-08-26 12:07:20,47.8342,-90.0476,47.719047,-91.007005,False
ab1afb746656b988d3e7f9f9dcae863c,3520550088202337,fraud_Friesen Ltd,health_fitness,85.75,2019-08-26 12:32:25,47.8342,-90.0476,47.936192,-90.397097,False
9a072ad6f9a7867bdf49d1715eaf635f,3520550088202337,fraud_Nienow PLC,entertainment,94.94,2019-08-26 15:25:51,47.8342,-90.0476,46.967994,-90.774835,False
b7f9df9dafd07d554e31f90b435991a8,3520550088202337,fraud_Kris-Weimann,misc_net,118.05,2019-08-27 22:49:25,47.8342,-90.0476,48.088923,-89.562605,False
2bab001901c6d704cdb4f576c01ed328,3520550088202337,"fraud_Hermiston, Russel and Price",food_dining,1.45,2019-08-27 23:25:04,47.8342,-90.0476,46.842231,-90.994529,False
5101bce642e79ab7b96f778181c25506,3520550088202337,fraud_Mraz-Herzog,gas_transport,53.56,2019-08-28 01:32:30,47.8342,-90.0476,48.504003,-90.930964,False
cbff4c903fbbb6ba8793e00d5d012b28,3520550088202337,fraud_Price Inc,shopping_net,1.12,2019-08-29 19:11:23,47.8342,-90.0476,47.386706,-89.950345,False
7ad93020dc7caf42e81c07824d622684,3520550088202337,fraud_Boyer PLC,misc_pos,81.81,2019-08-30 12:09:19,47.8342,-90.0476,48.278921999999994,-89.112032,False
cd762a21303c0b919067ac8f50c3c907,3520550088202337,fraud_O'Keefe-Wisoky,food_dining,6.41,2019-08-31 17:48:51,47.8342,-90.0476,47.13891,-89.068565,False
76b9dbb584366b4d4337360266dcac39,3520550088202337,fraud_Abshire PLC,entertainment,82.47,2019-09-01 16:52:47,47.8342,-90.0476,47.526475,-89.680464,False
f5caf2ce3c9d1aa80d5ab243b7eda553,3520550088202337,"fraud_Lesch, D'Amore and Brown",food_dining,7.11,2019-09-01 18:54:09,47.8342,-90.0476,48.583867,-89.374798,False
94e2c1c9b048a6f2619931397aa8e0c0,3520550088202337,fraud_Gaylord-Powlowski,home,3.05,2019-09-02 20:21:30,47.8342,-90.0476,48.100688,-89.87701899999999,False
fc39dcae4694788045e515a1417a00f2,3520550088202337,fraud_Cummerata-Hilpert,entertainment,164.76,2019-09-03 12:57:26,47.8342,-90.0476,48.083043,-89.391372,False
a7df1b64e51b65116674a001f3422a71,3520550088202337,fraud_Lemke-Gutmann,shopping_net,34.62,2019-09-05 16:44:17,47.8342,-90.0476,48.543026,-90.03508199999999,False
7a03abaab43d99f6550a187f3abb9416,3520550088202337,fraud_Kassulke Inc,entertainment,70.42,2019-09-06 14:25:21,47.8342,-90.0476,48.104853000000006,-90.920076,False
258b380a7d2a63d24a27e3f718ac0531,3520550088202337,fraud_Abbott-Rogahn,entertainment,105.52,2019-09-06 18:06:37,47.8342,-90.0476,47.248242,-90.175928,False
f2bf1f4629b1c2564e3e7a2bc6d8bcf2,3520550088202337,fraud_Friesen Ltd,health_fitness,138.82,2019-09-08 19:47:49,47.8342,-90.0476,48.175979,-90.834947,False
6571e7fe1ac1dfc6af78fe6d518ea599,3520550088202337,fraud_Will Ltd,food_dining,149.3,2019-09-09 21:25:26,47.8342,-90.0476,47.924391,-90.175721,False
d7c7e00b23805e25f69af2cd66f4366e,3520550088202337,"fraud_Effertz, Welch and Schowalter",entertainment,166.58,2019-09-11 22:55:05,47.8342,-90.0476,48.429804,-90.455485,False
03024e85084cd1268b261214031486c2,3520550088202337,"fraud_Kohler, Lindgren and Koelpin",grocery_net,2.87,2019-09-12 11:10:12,47.8342,-90.0476,48.552888,-89.209629,False
1ac473761b69b324cd2d0fe1080a663a,3520550088202337,fraud_Haley Group,misc_pos,63.03,2019-09-13 13:29:38,47.8342,-90.0476,47.571519,-89.418207,False
7a3a0db498d5fdf120eaf661b1c0649b,3520550088202337,fraud_Marvin-Lind,personal_care,34.94,2019-09-14 16:41:20,47.8342,-90.0476,47.009791,-90.422171,False
8eca242a442cb5a03320e86bb90f103f,3520550088202337,fraud_Reichel LLC,personal_care,307.26,2019-09-14 19:55:57,47.8342,-90.0476,47.286241,-90.778465,False
a8cd27c811c7f8d1a38549d73a6d29d5,3520550088202337,fraud_Morar Inc,grocery_net,43.85,2019-09-15 05:53:54,47.8342,-90.0476,46.981802,-89.554721,False
2544fcaef75f0ce900c45cd3e96562c2,3520550088202337,fraud_Keeling-Crist,misc_pos,89.96,2019-09-15 14:05:34,47.8342,-90.0476,47.724237,-90.315666,False
6302cb2df462c74237574df2a823e0c2,3520550088202337,fraud_Fadel Inc,health_fitness,6.31,2019-09-15 20:15:09,47.8342,-90.0476,47.862979,-89.81042,False
4338601c47b9e719f69fb9d937b701e0,3520550088202337,"fraud_Morissette, Weber and Wiegand",grocery_net,24.54,2019-09-18 01:35:51,47.8342,-90.0476,47.296565,-89.751837,False
06cfff9fe97ed960bfe02ac2c1a2fde0,3520550088202337,"fraud_Nienow, Ankunding and Collier",misc_pos,27.8,2019-09-18 16:00:24,47.8342,-90.0476,46.998779,-89.805079,False
8a59f12dbf2fb25b05427a951656644e,3520550088202337,fraud_Corwin-Collins,gas_transport,55.59,2019-09-20 03:48:06,47.8342,-90.0476,48.511576,-89.662909,False
292ecc7603a35656be0a824414ef42d7,3520550088202337,fraud_Jast-McDermott,shopping_pos,155.37,2019-09-21 16:51:50,47.8342,-90.0476,48.818846,-90.695087,False
bde1d9f6ab75d544d0c7a3467f51f920,3520550088202337,fraud_Homenick LLC,personal_care,25.6,2019-09-21 17:54:29,47.8342,-90.0476,48.200751,-90.385625,False
2fca9f6220c5f1eece6d30eeb706e3f0,3520550088202337,fraud_Schmidt and Sons,shopping_net,33.5,2019-09-22 17:18:00,47.8342,-90.0476,47.380652000000005,-90.04181700000001,False
c4c3cfd422d7507f9f3144ebd8dcdbb4,3520550088202337,fraud_Bernhard-Lesch,food_dining,31.5,2019-09-22 20:10:41,47.8342,-90.0476,47.958347,-90.883097,False
f1344a2510ebe0dc4423814064e5b91a,3520550088202337,"fraud_Jenkins, Hauck and Friesen",gas_transport,54.87,2019-09-23 01:02:47,47.8342,-90.0476,46.907689000000005,-89.48724399999999,False
c7c47774cfc409baf8810dbd89f2f359,3520550088202337,fraud_Cummerata-Hilpert,entertainment,64.32,2019-09-23 18:44:40,47.8342,-90.0476,47.478878,-89.69227099999999,False
04d8c1090e3388b45caf705936fd90f3,3520550088202337,fraud_Romaguera Ltd,health_fitness,4.9,2019-09-23 21:38:36,47.8342,-90.0476,48.258804999999995,-90.385757,False
44e8ff2d1b932209351e70ea7ab0ce54,3520550088202337,"fraud_Zemlak, Tillman and Cremin",personal_care,90.35,2019-09-25 17:55:43,47.8342,-90.0476,47.108449,-90.679921,False
eb3abcd28838d7d3a05e55b51e2a5816,3520550088202337,fraud_Wuckert-Goldner,home,5.54,2019-09-25 21:00:49,47.8342,-90.0476,47.225173,-90.659857,False
345a79ea50c5c63701c17cd94df135f2,3520550088202337,fraud_Schoen Ltd,kids_pets,55.7,2019-09-26 13:09:59,47.8342,-90.0476,48.506869,-89.74271,False
109232c569ba4820adfa2f99d44c53ca,3520550088202337,"fraud_Bernier, Streich and Jewess",grocery_net,6.35,2019-09-28 00:23:38,47.8342,-90.0476,47.914333,-89.67116899999999,False
cfee020a02748b9dc5116174c8d44ed9,3520550088202337,"fraud_Bins, Balistreri and Beatty",shopping_pos,222.66,2019-09-28 15:18:40,47.8342,-90.0476,48.090167,-89.51479599999999,False
5327cecec76ec97133761d67a4d4fee6,3520550088202337,"fraud_Cormier, Stracke and Thiel",entertainment,60.08,2019-09-28 22:32:58,47.8342,-90.0476,48.409492,-89.340991,False
bd56f887f23aa0d9c6b18b5ad1d326f2,3520550088202337,fraud_Bechtelar-Rippin,food_dining,5.42,2019-09-29 14:14:43,47.8342,-90.0476,47.954929,-90.670546,False
ea39ef02dcdbf50045c298e4823289cb,3520550088202337,"fraud_Graham, Hegmann and Hammes",food_dining,9.64,2019-09-29 16:22:17,47.8342,-90.0476,47.69591,-90.263561,False
1e4d355d4e3dfb51ee6be5577469d31f,3520550088202337,fraud_Kuphal-Predovic,misc_net,130.36,2019-09-29 19:25:32,47.8342,-90.0476,47.60768,-89.270861,False
a4b910b1853bf7b8f42754ee13b0f765,3520550088202337,fraud_Maggio-Fahey,misc_pos,12.32,2019-09-29 19:28:31,47.8342,-90.0476,48.18566,-90.490688,False
00604a0e1c2dade7c3fb630e34782cb5,3520550088202337,"fraud_Klocko, Runolfsdottir and Breitenberg",health_fitness,24.02,2019-09-29 21:40:31,47.8342,-90.0476,46.922806,-89.93546500000001,False
38641cf94dbb39444f2ebc08f71f4da2,3520550088202337,fraud_Smith-Stokes,misc_pos,121.23,2019-09-29 21:42:10,47.8342,-90.0476,46.993590000000005,-90.386429,False
2c453c4a8016703ebcef922e5af771a2,3520550088202337,fraud_Heidenreich PLC,grocery_pos,78.49,2019-09-30 08:58:02,47.8342,-90.0476,48.368301,-89.327774,False
1e8d03acc4a2b87dd33ad32ea4b11065,3520550088202337,fraud_Kuhic Inc,grocery_pos,40.59,2019-09-30 13:54:43,47.8342,-90.0476,48.696012,-90.237969,False
7fc160457f175fc5cfe5412790e1feaf,3520550088202337,fraud_Kilback and Sons,entertainment,81.78,2019-09-30 21:23:31,47.8342,-90.0476,48.667565,-89.483427,False
92536bdb2d57accc17a02a7b80807d02,3520550088202337,fraud_Cartwright PLC,kids_pets,56.92,2019-09-30 23:39:28,47.8342,-90.0476,47.441683000000005,-90.625025,False
a722eda14906245b44536f9b3c2453e6,3520550088202337,fraud_Gutmann-Upton,misc_pos,110.81,2019-10-03 12:33:35,47.8342,-90.0476,47.046246,-89.92509100000001,False
5df99553f938c0fe6d53f9973912d6e7,3520550088202337,fraud_Terry-Huel,shopping_net,116.48,2019-10-04 21:52:46,47.8342,-90.0476,48.621396,-89.350482,False
b832170811fa7ce7ec76d9af27adecd2,3520550088202337,fraud_Bechtelar-Rippin,food_dining,7.59,2019-10-05 17:08:54,47.8342,-90.0476,48.077562,-89.62535799999999,False
0d4ef08e4024546456ef129cf14d347b,3520550088202337,fraud_Schulist Ltd,food_dining,1.53,2019-10-06 20:10:09,47.8342,-90.0476,47.027272,-89.958912,False
6ddd63306a1578b8117bbdb89c38fe57,3520550088202337,fraud_Greenholt Ltd,health_fitness,77.53,2019-10-06 22:43:05,47.8342,-90.0476,47.168251,-89.70689200000001,False
85d4813d0d900fe851ffff4627b4a91c,3520550088202337,fraud_McCullough Group,grocery_net,17.56,2019-10-07 03:33:42,47.8342,-90.0476,47.142439,-89.264892,False
99d3de942c41d617f3b6635000ddd734,3520550088202337,fraud_Abshire PLC,entertainment,73.29,2019-10-07 20:22:14,47.8342,-90.0476,47.008117,-89.423337,False
b7f26f511b7f1f72e5c6f0798c011977,3520550088202337,fraud_Kulas Group,health_fitness,3.43,2019-10-08 20:02:06,47.8342,-90.0476,48.511091,-90.04180799999999,False
7f78d18675566e4f0207b64d541459d2,3520550088202337,"fraud_Schumm, McLaughlin and Carter",food_dining,169.07,2019-10-09 19:11:18,47.8342,-90.0476,47.98171,-89.787537,False
a631aefede99abe95f3773dccc89977c,3520550088202337,"fraud_Kutch, Hermiston and Farrell",gas_transport,49.73,2019-10-12 11:10:48,47.8342,-90.0476,47.334581,-90.503614,False
27c68b9508b806f4f6c5edf3a6b5e3f8,3520550088202337,fraud_Bogisich-Weimann,kids_pets,14.18,2019-10-13 15:51:59,47.8342,-90.0476,47.941322,-89.63680500000001,False
27807e8ea8de7fa86498c2f1576569a1,3520550088202337,fraud_Hilpert-Conroy,kids_pets,106.84,2019-10-13 23:08:38,47.8342,-90.0476,47.900083,-89.115335,False
ed38d6561a500441fab54f398c35685f,3520550088202337,fraud_Koelpin and Sons,misc_net,156.74,2019-10-14 22:21:57,47.8342,-90.0476,47.854894,-89.77394100000001,False
d657c67e2ddb5f10bc4f7c9dc4a9bd13,3520550088202337,fraud_Keeling-Crist,misc_pos,75.25,2019-10-15 17:30:28,47.8342,-90.0476,47.92051,-90.997351,False
b1575df01969a345200ba669a7a72d31,3520550088202337,"fraud_Schaefer, Maggio and Daugherty",gas_transport,53.68,2019-10-17 10:02:41,47.8342,-90.0476,47.031176,-90.244177,False
7dfb5b02d88fc6effb67b29c53e81ae8,3520550088202337,"fraud_Dare, Casper and Bartoletti",kids_pets,85.52,2019-10-17 18:41:51,47.8342,-90.0476,47.893782,-89.080831,False
5f8047e371c585796e48805366ca9707,3520550088202337,fraud_Dietrich-Fadel,health_fitness,17.21,2019-10-18 17:22:45,47.8342,-90.0476,47.135177,-89.230873,False
b418e61b5c5c0e9649e8e8a4716060dc,3520550088202337,fraud_Klocko LLC,misc_net,94.86,2019-10-19 12:38:40,47.8342,-90.0476,46.875713,-89.723857,False
3eec51a3936464d895c53f8935f1fb1e,3520550088202337,"fraud_Stanton, Jakubowski and Baumbach",shopping_net,38.13,2019-10-19 13:48:34,47.8342,-90.0476,47.839431,-89.48006099999999,False
a6692630632eecf9fff84b1568ffd6ad,3520550088202337,fraud_Stamm-Witting,shopping_net,8.16,2019-10-19 16:29:02,47.8342,-90.0476,47.258949,-90.467525,False
579bbc52064fc22e16c92a2ed73fcddb,3520550088202337,"fraud_Bahringer, Osinski and Block",food_dining,9.96,2019-10-19 17:01:31,47.8342,-90.0476,46.896716999999995,-90.88399,False
66a197249e7d8eb94e393469ee7c019d,3520550088202337,"fraud_Zemlak, Tillman and Cremin",personal_care,45.38,2019-10-20 18:06:15,47.8342,-90.0476,48.088840999999995,-90.247394,False
d3d1268341f5c450ba33c7727677a294,3520550088202337,"fraud_McCullough, Hudson and Schuster",food_dining,88.89,2019-10-20 21:43:35,47.8342,-90.0476,48.664071,-90.45137,False
b48b333415afbd6a56f8c0fbce9c367b,3520550088202337,fraud_Conroy Ltd,shopping_pos,93.3,2019-10-21 22:05:44,47.8342,-90.0476,48.324948,-90.258913,False
a41874f1a3a0d473cb303b346f0e6090,3520550088202337,"fraud_Konopelski, Schneider and Hartmann",food_dining,2.26,2019-10-21 23:37:40,47.8342,-90.0476,47.137926,-89.10131,False
39095bcae8ddbab041cd9a90e901796b,3520550088202337,fraud_Harris Group,food_dining,6.73,2019-10-24 21:13:37,47.8342,-90.0476,46.963899,-90.021284,False
96a64c95c8e0eb86cf1b5ab698aa0a5c,3520550088202337,fraud_Stamm-Witting,shopping_net,225.58,2019-10-25 21:01:09,47.8342,-90.0476,48.643965,-89.678395,False
7c371aaec9ff113dac4fbc3426e1e64c,3520550088202337,"fraud_Reilly, Heaney and Cole",gas_transport,80.6,2019-10-26 01:53:33,47.8342,-90.0476,47.719673,-90.956791,False
a71a318c85b97a3a910a90a24fddfaa1,3520550088202337,fraud_Emmerich-Rau,personal_care,2.03,2019-10-26 17:13:00,47.8342,-90.0476,47.867783,-90.474084,False
0654c554ee522014ec595281a43af89c,3520550088202337,fraud_Kihn-Fritsch,food_dining,31.79,2019-10-26 17:30:14,47.8342,-90.0476,47.477159,-90.928158,False
99bc86a88d20f2ffee44d77dcd333d78,3520550088202337,fraud_Corwin-Romaguera,travel,7.02,2019-10-26 21:34:40,47.8342,-90.0476,47.32405,-89.710112,False
b0dcdf62f719c163208d8f5baf1a5df1,3520550088202337,fraud_Koepp-Witting,grocery_pos,41.03,2019-10-27 04:36:15,47.8342,-90.0476,47.203329,-89.213448,False
62b021aaec2c92e6f8b3114c9082691c,3520550088202337,"fraud_Hintz, Bauch and Smith",health_fitness,118.68,2019-10-27 14:13:57,47.8342,-90.0476,47.332043,-89.379802,False
7f57d42a47394ab2ae686f42015d100b,3520550088202337,fraud_Stark-Batz,entertainment,134.81,2019-10-28 12:22:21,47.8342,-90.0476,48.807036,-89.418201,False
d7451cb29712bc89fe3a02829faac847,3520550088202337,fraud_Howe Ltd,misc_pos,172.22,2019-10-28 15:06:29,47.8342,-90.0476,47.960808,-90.184503,False
c3c7189ed5b80b1cd4a75cf3ae1fa377,3520550088202337,fraud_Herman Inc,misc_pos,127.69,2019-10-28 23:25:17,47.8342,-90.0476,47.416903999999995,-90.969044,False
05c414724c6c7543892af56797917480,3520550088202337,fraud_Price Inc,shopping_net,65.77,2019-10-29 14:58:25,47.8342,-90.0476,48.731584000000005,-90.559104,False
9287abc9b3200c9aa5c9922246c7e5cb,3520550088202337,fraud_Kris-Padberg,shopping_pos,156.11,2019-10-30 13:40:07,47.8342,-90.0476,47.467421,-89.086427,False
32579f49ab804648ba0595f0f3b7c0f0,3520550088202337,fraud_Cummerata-Hilpert,entertainment,128.8,2019-10-30 17:50:17,47.8342,-90.0476,48.71253,-90.956089,False
d91d8e4361dfcd4a631a55042465001b,3520550088202337,fraud_Dibbert-Green,entertainment,86.89,2019-10-31 15:41:51,47.8342,-90.0476,47.63836,-90.481231,False
42980e1cc219cfc3c3ef5bc87cad9df7,3520550088202337,"fraud_Schumm, Bauch and Ondricka",grocery_pos,45.1,2019-11-01 01:28:12,47.8342,-90.0476,47.098815,-89.259035,False
819f6cb6a9ffe9cedb7a397473b42ca6,3520550088202337,fraud_Metz-Boehm,shopping_pos,187.58,2019-11-01 18:15:32,47.8342,-90.0476,47.221598,-90.40802,False
46ece5c2797eed5a8a5cd7ce2d6f8ae0,3520550088202337,"fraud_Lehner, Reichert and Mills",misc_pos,40.31,2019-11-02 16:32:18,47.8342,-90.0476,46.992622,-89.10640500000001,False
c2b54b05f269580ca3f3253e5a9f0556,3520550088202337,"fraud_Monahan, Bogisich and Ledner",misc_pos,132.53,2019-11-02 17:07:19,47.8342,-90.0476,48.763179,-89.636664,False
50d1c25d13fe42c3fd431001ba12d1b1,3520550088202337,"fraud_Schroeder, Hauck and Treutel",entertainment,97.05,2019-11-02 18:54:46,47.8342,-90.0476,48.25757,-89.49033399999999,False
1fa1418e44278b9551140941638823e6,3520550088202337,"fraud_Stroman, Hudson and Erdman",gas_transport,61.24,2019-11-03 02:28:55,47.8342,-90.0476,48.672233,-90.289551,False
ce68ac6ad8cb12837895e057e09fc362,3520550088202337,fraud_Emard Inc,gas_transport,87.57,2019-11-03 10:07:44,47.8342,-90.0476,48.092326,-90.850909,False
2788f7fa7b94d6df641063df4b12e783,3520550088202337,"fraud_Schneider, Hayes and Nikolaus",food_dining,4.0,2019-11-03 17:20:30,47.8342,-90.0476,48.434806,-89.453179,False
98859bbe03e90f2f81b9791382a938af,3520550088202337,"fraud_Lesch, D'Amore and Brown",food_dining,7.32,2019-11-03 23:00:59,47.8342,-90.0476,47.639708,-90.62006,False
267716155d1ae896562c33a588c97f59,3520550088202337,fraud_Feil-Morar,health_fitness,11.42,2019-11-04 21:14:22,47.8342,-90.0476,48.576632,-91.016244,False
087a211484af82157aebda08f95436c1,3520550088202337,"fraud_Haley, Jewess and Bechtelar",shopping_pos,157.63,2019-11-05 12:17:03,47.8342,-90.0476,47.220003000000005,-89.553779,False
703b1afaf38119cc0034da87503a7ad8,3520550088202337,"fraud_Feil, Hilpert and Koss",food_dining,6.37,2019-11-07 18:22:02,47.8342,-90.0476,47.494297,-89.932408,False
3759186b2792162384087bb9c423213c,3520550088202337,fraud_Zboncak Ltd,food_dining,186.53,2019-11-09 19:58:38,47.8342,-90.0476,48.136955,-89.221287,False
b2b50078ce03d9468d532d696b897f00,3520550088202337,"fraud_Okuneva, Schneider and Rau",shopping_pos,221.4,2019-11-09 20:03:34,47.8342,-90.0476,47.134236,-90.776337,False
02cb0079a86bf26fa64a0312c3cff607,3520550088202337,"fraud_Morissette, Weber and Wiegand",grocery_net,26.51,2019-11-10 06:08:55,47.8342,-90.0476,48.651898,-89.80748299999999,False
e8e8ec7d21eba7f9f9f9ccc2bd2e2fad,3520550088202337,fraud_Parisian and Sons,gas_transport,63.41,2019-11-10 08:32:18,47.8342,-90.0476,48.721777,-89.730118,False
ce40ea022133227431ff0b476a63f790,3520550088202337,fraud_Hermann and Sons,shopping_pos,130.3,2019-11-10 13:04:35,47.8342,-90.0476,48.204685999999995,-90.018183,False
baa419fd47cc4e363bcf96a0e2b70b8c,3520550088202337,"fraud_Monahan, Bogisich and Ledner",misc_pos,145.18,2019-11-11 12:08:43,47.8342,-90.0476,47.983896,-90.483049,False
4c556704ae7d9344bb953a31a2acadd6,3520550088202337,fraud_Bode-Schuster,kids_pets,63.02,2019-11-11 21:30:45,47.8342,-90.0476,47.625732,-90.786819,False
599e1a3b84631a166b28b7c3594c6fee,3520550088202337,fraud_Zulauf LLC,personal_care,24.15,2019-11-12 19:59:27,47.8342,-90.0476,47.987229,-90.533923,False
9e9604f7111f3e0fd38b2c36af6fa33d,3520550088202337,fraud_Berge-Ullrich,home,117.53,2019-11-13 21:18:55,47.8342,-90.0476,47.436361,-90.500884,False
cf8d2d3531e03b0a25b773c1c28b71ec,3520550088202337,fraud_Morar Inc,grocery_net,55.07,2019-11-18 00:09:20,47.8342,-90.0476,47.26306,-89.80685799999999,False
0051aefbded5b110af888a849b7fc901,3520550088202337,fraud_Schmeler-Howe,personal_care,8.91,2019-11-18 22:56:06,47.8342,-90.0476,47.361131,-89.43406800000001,False
88ce67b4dbc786b44683a7949e61e948,3520550088202337,fraud_Kerluke-Abshire,shopping_net,276.5,2019-11-18 23:12:14,47.8342,-90.0476,47.857256,-91.016355,False
e0fbb5f6f76700ccf15309d58c3e9b14,3520550088202337,"fraud_Effertz, Welch and Schowalter",entertainment,66.54,2019-11-19 12:21:24,47.8342,-90.0476,48.299575,-90.159713,False
e8a8e0ce70cb999a219efcfba170f468,3520550088202337,fraud_Kling-Ernser,entertainment,78.52,2019-11-21 20:57:51,47.8342,-90.0476,47.890451,-90.317153,False
e15718c847789f1263c5dde2ba603ba1,3520550088202337,"fraud_Jenkins, Hauck and Friesen",gas_transport,74.86,2019-11-22 08:41:58,47.8342,-90.0476,48.575438,-89.57616,False
cfe1d58069e45a5d4d80de9764b97930,3520550088202337,fraud_Kutch Group,grocery_net,12.2,2019-11-23 02:50:39,47.8342,-90.0476,47.774804,-89.91476899999999,False
0bf2b7bdfa45dfdfe6b1d7bd9e63bb96,3520550088202337,fraud_Tromp Group,travel,8.3,2019-11-23 21:26:43,47.8342,-90.0476,47.269988,-90.632438,False
d4dd32fbef71560b3a7e73737a637f79,3520550088202337,"fraud_Streich, Dietrich and Barton",shopping_net,104.97,2019-11-23 22:06:42,47.8342,-90.0476,47.201816,-90.770928,False
b717bb8ca7782f9015d04a02eb692b7a,3520550088202337,"fraud_Kerluke, Considine and Macejkovic",misc_net,67.9,2019-11-24 12:09:56,47.8342,-90.0476,47.140702000000005,-90.976511,False
eb6a6a0d3a8f7a22e2ac07047563cbf4,3520550088202337,fraud_Beer-Jast,kids_pets,75.22,2019-11-24 22:37:02,47.8342,-90.0476,47.494715,-89.911057,False
ec8ec8aa7b8784a3de745d1a9ef63f2c,3520550088202337,fraud_Hills-Olson,grocery_net,4.04,2019-11-25 10:05:35,47.8342,-90.0476,48.259793,-89.512446,False
1d6aabbfa61e129871316be75dc79eb5,3520550088202337,"fraud_Lesch, D'Amore and Brown",food_dining,1.6,2019-11-25 19:23:44,47.8342,-90.0476,48.091827,-89.332799,False
b805b48253a243afec554385b94ce5f3,3520550088202337,fraud_McGlynn-Heathcote,misc_net,188.08,2019-11-25 19:38:19,47.8342,-90.0476,47.282354999999995,-89.408631,False
8930a87238c940b53203c0f0101c2cf9,3520550088202337,fraud_Kerluke PLC,misc_net,37.29,2019-11-26 14:44:31,47.8342,-90.0476,48.007638,-89.944763,False
3518f780b9589225278b145917907bf9,3520550088202337,fraud_Wilkinson LLC,personal_care,99.69,2019-11-26 20:16:45,47.8342,-90.0476,47.136447,-89.15519499999999,False
c0b03f3316d30dc79574aed231d3195b,3520550088202337,fraud_Terry Ltd,home,19.96,2019-11-27 16:19:22,47.8342,-90.0476,48.539235,-90.117994,False
93a5323895e7f8a32e85728a3d57ab38,3520550088202337,"fraud_Bradtke, Torp and Bahringer",personal_care,6.96,2019-11-27 16:47:53,47.8342,-90.0476,47.649034,-90.908575,False
3cf1f274c95e70235c61fd84654d42e7,3520550088202337,fraud_Dach-Borer,grocery_net,43.58,2019-11-28 02:51:19,47.8342,-90.0476,47.752568,-89.358733,False
2ac5eba35c2e73730d578388a2e85f59,3520550088202337,fraud_Koepp-Parker,grocery_pos,89.43,2019-11-29 18:55:19,47.8342,-90.0476,48.132445,-89.858254,False
4fe9b91d7dc8e71113cbcda7a8c15676,3520550088202337,fraud_Friesen-Ortiz,personal_care,9.3,2019-11-29 19:22:57,47.8342,-90.0476,48.303981,-89.176627,False
62215d66c69a75d256170579eb4f6a18,3520550088202337,fraud_Parisian and Sons,gas_transport,53.0,2019-11-30 00:07:58,47.8342,-90.0476,46.864591,-90.228604,False
d7953706a95042a43bab6f6acd287ab2,3520550088202337,fraud_Rempel PLC,grocery_net,26.98,2019-11-30 09:31:23,47.8342,-90.0476,48.471865,-90.332143,False
58e66be19e95f8b9d6cb7eaef2699778,3520550088202337,fraud_Hackett-Lueilwitz,grocery_pos,70.07,2019-11-30 11:30:26,47.8342,-90.0476,48.706643,-90.886708,False
d72982afb7a1628bba009ece64a9f551,3520550088202337,"fraud_Hoppe, Harris and Bednar",entertainment,94.17,2019-11-30 12:01:06,47.8342,-90.0476,47.885587,-89.594246,False
24085fc936963c71578cea9fca1940f8,3520550088202337,fraud_Wilkinson LLC,personal_care,7.66,2019-11-30 14:11:29,47.8342,-90.0476,47.394490000000005,-89.340907,False
f9f18a3d45923f18718bacdc8df27449,3520550088202337,fraud_Greenholt Ltd,health_fitness,11.83,2019-11-30 18:55:41,47.8342,-90.0476,48.266894,-89.71442900000001,False
74b2de3ea0a89bf987ab5f837601065d,3520550088202337,fraud_Kertzmann LLC,health_fitness,1.69,2019-11-30 20:32:01,47.8342,-90.0476,48.32157,-90.847504,False
e9512f671527bfc9734470d4fb2e8bb5,3520550088202337,"fraud_Fadel, Mertz and Rippin",entertainment,98.96,2019-11-30 21:45:10,47.8342,-90.0476,48.551585,-89.99373,False
1176f8e9c39430978e229476c2810a52,3520550088202337,"fraud_Welch, Rath and Koepp",entertainment,129.88,2019-11-30 22:10:22,47.8342,-90.0476,47.041289,-89.586597,False
67b9589f5f74b1e05001abf061b9efca,3520550088202337,"fraud_Fadel, Mertz and Rippin",entertainment,79.65,2019-12-01 12:51:45,47.8342,-90.0476,47.953099,-90.89744,False
ccd74a27f26bf51cd6a5847e6f7ce3be,3520550088202337,fraud_Friesen Ltd,health_fitness,5.53,2019-12-01 14:18:36,47.8342,-90.0476,48.021899,-90.691798,False
f0ed132de2a9bdf40fe834a358f5a23f,3520550088202337,fraud_Torp-Lemke,misc_pos,30.28,2019-12-01 15:34:07,47.8342,-90.0476,48.259293,-90.752893,False
da2f819c0f4d0f0a8193890054e5d43e,3520550088202337,fraud_Prosacco LLC,personal_care,9.39,2019-12-01 18:46:40,47.8342,-90.0476,47.288631,-90.38808,False
3bbcca3988a12277911fe7eb4b5ab92a,3520550088202337,"fraud_Mosciski, Ziemann and Farrell",shopping_net,21.06,2019-12-01 21:19:20,47.8342,-90.0476,47.591759,-89.157687,False
ca56134e41e2e7d9ea64c3aa0a649c55,3520550088202337,fraud_Simonis-Prohaska,misc_pos,236.97,2019-12-01 21:56:39,47.8342,-90.0476,47.336089,-89.719523,False
c0936bcac5bafa28a39f84402dee1392,3520550088202337,fraud_Shanahan-Lehner,personal_care,60.37,2019-12-01 22:55:02,47.8342,-90.0476,46.908693,-90.716562,False
e4fbc6f0342ac50904c7806906605d4c,3520550088202337,fraud_Kilback Group,food_dining,3.75,2019-12-03 16:25:16,47.8342,-90.0476,47.763881,-89.204135,False
050aa6df9535f9cccc0faadb7382a786,3520550088202337,fraud_Dare-Marvin,entertainment,117.94,2019-12-03 19:31:42,47.8342,-90.0476,48.754929,-89.58414599999999,False
cee48ffde1c800ecb5af198d47889360,3520550088202337,fraud_Nader-Heller,misc_net,60.77,2019-12-03 23:08:58,47.8342,-90.0476,46.864466,-89.553126,False
24fab94fdcf96caf051470066b8162aa,3520550088202337,fraud_Flatley-Durgan,misc_net,88.45,2019-12-04 18:16:21,47.8342,-90.0476,47.288954,-90.906177,False
72635e7856dd9ca80831f313588f923b,3520550088202337,fraud_Dach-Borer,grocery_net,40.62,2019-12-05 00:03:21,47.8342,-90.0476,46.943023,-90.04380400000001,False
7282d80c948cd2118f69a52d709a402d,3520550088202337,fraud_Kilback and Sons,entertainment,110.83,2019-12-05 13:17:01,47.8342,-90.0476,47.952487,-89.49805,False
7cdaa8caf8fc00f53c7af69899f9228a,3520550088202337,fraud_Berge-Ullrich,home,14.16,2019-12-06 23:08:12,47.8342,-90.0476,47.367339,-90.481953,False
1a05516d8e770f31c8431be7c33d326c,3520550088202337,"fraud_Windler, Goodwin and Kovacek",home,1.06,2019-12-06 23:40:40,47.8342,-90.0476,47.355004,-90.006342,False
9bdfd856f35313f6347cd054d4bb25cb,3520550088202337,fraud_Shields Inc,grocery_net,42.14,2019-12-07 05:18:46,47.8342,-90.0476,47.931892,-89.092043,False
7201c9ae375d60873621ebad52e8398c,3520550088202337,fraud_Spinka Inc,grocery_net,24.49,2019-12-07 11:54:31,47.8342,-90.0476,48.632466,-89.917726,False
1af2ed6a82c0718274f2ca52718725f2,3520550088202337,"fraud_Graham, Hegmann and Hammes",food_dining,2.63,2019-12-07 12:38:21,47.8342,-90.0476,47.512529,-89.22916500000001,False
418b5d433fafa86c2ee7c48b4af59d7c,3520550088202337,fraud_Kutch-Wilderman,home,28.9,2019-12-07 17:37:59,47.8342,-90.0476,48.231597,-89.179232,False
7b50f75ccea6247c3c8376ab88debf8f,3520550088202337,"fraud_Kerluke, Considine and Macejkovic",misc_net,120.76,2019-12-07 18:54:53,47.8342,-90.0476,46.946118,-89.183867,False
8186e423df3c3a90be33b0bb39997229,3520550088202337,"fraud_Lesch, D'Amore and Brown",food_dining,14.74,2019-12-07 19:16:14,47.8342,-90.0476,48.685248,-90.678227,False
0ebeda595cecc2357e822973cbd1ef7e,3520550088202337,fraud_Heller PLC,health_fitness,1.27,2019-12-07 21:14:12,47.8342,-90.0476,48.410635,-90.668995,False
74c4b50741cab336e6ee69e6c8f9c468,3520550088202337,"fraud_Eichmann, Bogan and Rodriguez",gas_transport,87.28,2019-12-08 07:39:52,47.8342,-90.0476,48.07871,-90.037279,False
a03eb1425c0fdfa21e1540081d376784,3520550088202337,fraud_Runte-Mohr,food_dining,3.8,2019-12-08 13:04:57,47.8342,-90.0476,46.888608000000005,-91.02579,False
22657bb7c3c69c9ace3270ef825ca22f,3520550088202337,fraud_Fritsch and Sons,health_fitness,42.92,2019-12-08 15:52:00,47.8342,-90.0476,48.733061,-90.209768,False
9eef8b513520ad9c56e225650a87891a,3520550088202337,fraud_Spencer PLC,entertainment,124.59,2019-12-08 17:02:05,47.8342,-90.0476,48.539308,-90.615485,False
beda8750baefd2b1ed479d8cb97f3b7e,3520550088202337,fraud_Grimes LLC,entertainment,87.59,2019-12-08 18:51:43,47.8342,-90.0476,47.531995,-90.361334,False
3fe5d27d25d76d6d08c12d9851eafd9f,3520550088202337,"fraud_Larkin, Stracke and Greenfelder",entertainment,118.87,2019-12-08 19:10:08,47.8342,-90.0476,47.293134,-90.418282,False
3bf7e2eade3be8a83e93a47641145006,3520550088202337,fraud_Watsica LLC,personal_care,59.57,2019-12-08 19:36:40,47.8342,-90.0476,46.836364,-90.76333,False
3e2a06e1e39209bbc815bf720e43519f,3520550088202337,"fraud_Herman, Treutel and Dickens",misc_net,98.95,2019-12-09 18:25:03,47.8342,-90.0476,48.209874,-89.09796999999999,False
8b4abe4632a7556feddd3aa48f54b79a,3520550088202337,"fraud_Little, Gutmann and Lynch",shopping_net,183.79,2019-12-09 21:40:11,47.8342,-90.0476,47.347065,-89.478884,False
3389049187e4cb140ec2a186d326937b,3520550088202337,"fraud_Kling, Howe and Schneider",home,1.05,2019-12-10 20:36:16,47.8342,-90.0476,48.310235,-90.543121,False
e23a945ffd4709c2680335fe6d0182f9,3520550088202337,fraud_Towne LLC,misc_pos,62.61,2019-12-11 14:59:03,47.8342,-90.0476,47.547811,-89.440239,False
68edd1f6e67f76c1a64d25029ef11224,3520550088202337,fraud_Haag-Blanda,food_dining,5.48,2019-12-11 15:49:39,47.8342,-90.0476,48.523878,-90.333616,False
95bfe064e442d426a5fe53e06a58b974,3520550088202337,fraud_Kerluke-Abshire,shopping_net,6.34,2019-12-11 18:01:45,47.8342,-90.0476,48.407925,-90.93411,False
c485cd1ff0f54eb888cd2f6a152d71b9,3520550088202337,fraud_Skiles LLC,home,14.61,2019-12-11 22:50:43,47.8342,-90.0476,48.081061,-89.798271,False
0b8ae6c767d1c9e226fad75d63225ec9,3520550088202337,"fraud_Christiansen, Goyette and Schamberger",gas_transport,57.88,2019-12-12 02:23:25,47.8342,-90.0476,47.311027,-89.508839,False
c75c433b4ec0e497732f613c77fbc7b9,3520550088202337,fraud_Prosacco LLC,personal_care,11.26,2019-12-12 20:42:53,47.8342,-90.0476,47.389916,-89.593346,False
f2753b1efb88b315f74a38e13a06bf27,3520550088202337,fraud_Dach-Nader,misc_net,138.13,2019-12-13 16:38:13,47.8342,-90.0476,48.483227,-90.68079,False
e523831b1b496c93a6c17539511ee23e,3520550088202337,fraud_Carroll PLC,health_fitness,104.02,2019-12-13 20:09:08,47.8342,-90.0476,47.4376,-90.566653,False
1095f9e6d17d90c52f86a0620981faee,3520550088202337,fraud_Harris Group,food_dining,9.11,2019-12-13 20:32:03,47.8342,-90.0476,48.752607,-89.483855,False
86bf6b755972d3f62ee48f5dfc98a726,3520550088202337,"fraud_Swaniawski, Lowe and Robel",shopping_pos,107.51,2019-12-13 21:28:52,47.8342,-90.0476,48.631475,-90.4461,False
a90144c9d907f50e5a9fa2c95b592e7c,3520550088202337,fraud_Christiansen-Gusikowski,misc_pos,55.9,2019-12-14 14:45:15,47.8342,-90.0476,46.882355,-89.06702800000001,False
91cf9935c65120f5129c92b8f6d7b004,3520550088202337,fraud_Padberg-Rogahn,entertainment,87.56,2019-12-14 16:24:49,47.8342,-90.0476,47.310893,-90.721023,False
262259fbb35cd346ab955bd77ec998a7,3520550088202337,fraud_Kutch LLC,gas_transport,37.91,2019-12-15 05:03:53,47.8342,-90.0476,47.846813,-89.974612,False
194a8c37ed9cc03c3b58234882fb607e,3520550088202337,"fraud_Champlin, Rolfson and Connelly",travel,1.34,2019-12-15 13:21:26,47.8342,-90.0476,47.481107,-90.160558,False
d3b14f41f09b336bd258cc8d3b13cd0c,3520550088202337,fraud_Volkman PLC,food_dining,6.83,2019-12-15 15:53:44,47.8342,-90.0476,47.407916,-89.064114,False
e9ebffb601a031eae9fcbf52a8fcd834,3520550088202337,"fraud_Schiller, Blanda and Johnson",home,7.72,2019-12-15 17:45:55,47.8342,-90.0476,48.100134,-89.34101700000001,False
dc0efec7a99e59ca282f27751e3d7b0a,3520550088202337,fraud_Cruickshank-Mills,entertainment,82.25,2019-12-15 19:04:49,47.8342,-90.0476,47.023324,-90.303689,False
460d036dfb1be4518fa172b636578565,3520550088202337,fraud_McCullough LLC,misc_pos,12.67,2019-12-15 19:19:49,47.8342,-90.0476,47.466722999999995,-90.053393,False
d7c4dcdf13fc7b9e21e6866ec0868c78,3520550088202337,"fraud_Hermiston, Pacocha and Smith",health_fitness,114.26,2019-12-16 17:51:27,47.8342,-90.0476,47.713057,-90.956494,False
f8421a8c6983e4f2e807ae20808c4485,3520550088202337,"fraud_Jones, Sawayn and Romaguera",misc_net,79.57,2019-12-16 20:19:28,47.8342,-90.0476,46.985364,-89.088353,False
0a9ccb40805f7c69d46c452ccd2c5596,3520550088202337,fraud_Bahringer-Streich,food_dining,4.83,2019-12-16 21:28:54,47.8342,-90.0476,47.202993,-89.821475,False
3fee222c49cfdbdb5fda01cb7b8f5d53,3520550088202337,"fraud_Nicolas, Hills and McGlynn",entertainment,72.39,2019-12-16 22:31:47,47.8342,-90.0476,47.34195,-90.277148,False
ac56560b33132bdfff714888e42e5c71,3520550088202337,fraud_Shanahan-Lehner,personal_care,5.3,2019-12-16 22:58:48,47.8342,-90.0476,48.026938,-89.239205,False
729c4f35a26be2685b5d7cb47172cb9a,3520550088202337,fraud_Trantow PLC,grocery_net,20.26,2019-12-17 10:40:46,47.8342,-90.0476,48.700068,-90.692082,False
b0231e6e834ee463d1a2752084d0a972,3520550088202337,fraud_Hintz-Bruen,grocery_net,17.48,2019-12-17 10:48:50,47.8342,-90.0476,47.936527000000005,-89.712948,False
ea7a6b460b59d5cebfd1961afcb4c40e,3520550088202337,"fraud_Turner, Ziemann and Lehner",food_dining,9.02,2019-12-17 20:09:08,47.8342,-90.0476,47.557562,-90.039027,False
47fc74959d096e8665a252d11ead598f,3520550088202337,"fraud_Okuneva, Schneider and Rau",shopping_pos,140.28,2019-12-18 14:08:42,47.8342,-90.0476,47.807239,-89.659962,False
25c8785bc6b6aa98a8738825893382e4,3520550088202337,fraud_Stark-Koss,home,3.01,2019-12-19 12:01:32,47.8342,-90.0476,46.838288,-90.755405,False
71d4d9c4c52c21f8520655df2357c50e,3520550088202337,"fraud_Rohan, White and Aufderhar",misc_net,119.03,2019-12-19 16:51:50,47.8342,-90.0476,47.105047,-89.655785,False
8fc15d45bcc34be30358e566ca0d3a06,3520550088202337,fraud_Kirlin and Sons,personal_care,54.89,2019-12-19 17:03:31,47.8342,-90.0476,48.658570000000005,-89.43432,False
efe6b540b57b171e42b47ead2a1bd259,3520550088202337,fraud_Gibson-Deckow,entertainment,128.55,2019-12-20 23:03:02,47.8342,-90.0476,48.644162,-89.54255500000001,False
2fc740cdfbde811ded738e12716934ce,3520550088202337,"fraud_O'Reilly, Mohr and Purdy",home,12.71,2019-12-20 23:20:44,47.8342,-90.0476,48.071744,-89.211768,False
ed60c42681a435ab77bdd2433914a892,3520550088202337,fraud_Kling-Grant,grocery_net,8.93,2019-12-21 01:39:06,47.8342,-90.0476,47.795393,-89.764895,False
31cc02c37e65305a622a14e6f587f3bb,3520550088202337,fraud_Heller PLC,health_fitness,2.4,2019-12-21 15:06:54,47.8342,-90.0476,47.927156,-89.96771899999999,False
a9913e96e6c907bb3f7ad03e92ceb8df,3520550088202337,"fraud_Stroman, Hudson and Erdman",gas_transport,48.29,2019-12-22 03:24:51,47.8342,-90.0476,47.30061,-89.33550600000001,False
a21334b92188d34455c4771491b84616,3520550088202337,fraud_Murray Ltd,grocery_net,40.23,2019-12-22 04:03:37,47.8342,-90.0476,46.902897,-89.606433,False
29576005dd2f0fd500f1059ad786c034,3520550088202337,"fraud_Terry, Johns and Bins",misc_pos,53.9,2019-12-22 13:02:35,47.8342,-90.0476,48.589581,-89.353071,False
fa99759a9e1b1c080a61651716ab8567,3520550088202337,fraud_Veum-Koelpin,travel,6.63,2019-12-22 13:05:59,47.8342,-90.0476,48.296393,-89.361372,False
a1a2188286e5f314b2b8895c3f051b09,3520550088202337,fraud_Balistreri-Nader,misc_pos,81.07,2019-12-22 15:32:06,47.8342,-90.0476,48.174569,-89.492065,False
e627e7f14975f49859d893115a44853a,3520550088202337,fraud_Leffler-Goldner,personal_care,1.28,2019-12-22 15:57:33,47.8342,-90.0476,47.025892,-90.586873,False
bbbf4ea9ee3151658bcd1bc455ffaef6,3520550088202337,fraud_Weber and Sons,food_dining,9.33,2019-12-22 16:33:07,47.8342,-90.0476,46.873368,-89.725829,False
5efdb1aae39970e738d2bf5a6c35214f,3520550088202337,"fraud_McCullough, Hudson and Schuster",food_dining,33.42,2019-12-22 17:23:23,47.8342,-90.0476,47.753676,-89.537134,False
c78041d94742e3fdb54d4caea8298bcb,3520550088202337,fraud_Haley Group,misc_pos,116.09,2019-12-22 19:06:43,47.8342,-90.0476,48.255684,-89.50825,False
2d0a61609a6621fcfd9ad758d3b8be50,3520550088202337,fraud_Gleason and Sons,kids_pets,13.32,2019-12-22 20:50:29,47.8342,-90.0476,48.031336,-89.053761,False
f1128fb778e8f6af5c907d7974d9b157,3520550088202337,fraud_Gutmann-Upton,misc_pos,42.84,2019-12-23 15:10:23,47.8342,-90.0476,48.057394,-90.081553,False
236861bde2b8b6b666cb46452299bc42,3520550088202337,fraud_Connelly-Carter,home,4.33,2019-12-23 17:18:26,47.8342,-90.0476,47.873045,-89.178191,False
8833e355522fd2e1975081702a1b3494,3520550088202337,fraud_Barton Inc,grocery_pos,59.43,2019-12-26 00:36:18,47.8342,-90.0476,47.947251,-90.263362,False
e77cf015acdad02bd6bedaed1ab9adb9,3520550088202337,"fraud_Lockman, West and Runte",grocery_pos,59.87,2019-12-26 11:23:38,47.8342,-90.0476,48.237049,-90.490542,False
150cb81da64a4fbd2cfb4933d0e23338,3520550088202337,"fraud_Hermiston, Russel and Price",food_dining,13.55,2019-12-27 12:02:40,47.8342,-90.0476,48.616161,-90.919654,False
262083e7ae04058f2609ab2eb843fe03,3520550088202337,"fraud_Torp, Muller and Borer",health_fitness,3.29,2019-12-27 12:22:04,47.8342,-90.0476,48.183443,-90.01305699999999,False
3dc6724215c007918b38fedd0ca42ae9,3520550088202337,fraud_Huel-Langworth,misc_net,86.68,2019-12-27 13:44:38,47.8342,-90.0476,48.632746,-89.059224,False
a966ed4386068ac861e667e1fbb8891e,3520550088202337,fraud_White and Sons,home,9.82,2019-12-27 15:54:50,47.8342,-90.0476,48.275197,-90.462142,False
b8ec545919e6dc3a438abf65ea3db5cf,3520550088202337,fraud_Haag-Blanda,food_dining,8.8,2019-12-27 22:00:55,47.8342,-90.0476,47.897355,-90.734392,False
774b2c81009d569401e44464b927e978,3520550088202337,fraud_Wuckert-Walter,grocery_net,30.03,2019-12-28 02:21:49,47.8342,-90.0476,48.070067,-89.763731,False
51d4447b077bb3fd67d449d6c198ed90,3520550088202337,fraud_Friesen-D'Amore,gas_transport,48.79,2019-12-28 11:40:37,47.8342,-90.0476,46.971518,-89.93897,False
c8f2fce51229193d8c1826af6090477d,3520550088202337,fraud_Kuphal-Bartoletti,misc_net,51.63,2019-12-28 13:30:38,47.8342,-90.0476,46.889168,-90.475406,False
805cb7ebbd976c528e8f0641a72a258e,3520550088202337,fraud_Kilback and Sons,entertainment,94.34,2019-12-28 18:38:15,47.8342,-90.0476,47.676438,-89.383004,False
598ba0582852b6c7a7548e05c1606885,3520550088202337,fraud_Reynolds-Schinner,misc_pos,97.06,2019-12-28 23:30:35,47.8342,-90.0476,48.036311,-89.319695,False
46d44639ee06f699acee9946cb66a165,3520550088202337,fraud_McDermott-Rice,misc_pos,113.48,2019-12-29 13:33:53,47.8342,-90.0476,47.550025,-90.534392,False
ec18b95a5b69f974abea249a403a20ff,3520550088202337,"fraud_Brown, Homenick and Lesch",health_fitness,13.21,2019-12-29 17:08:08,47.8342,-90.0476,48.243164,-89.132211,False
10798c37079c88f988e91d8a11cb95dd,3520550088202337,fraud_Morissette-Schaefer,personal_care,1.85,2019-12-29 17:22:08,47.8342,-90.0476,47.211685,-90.292832,False
f61f1665feefe79ed3433a29906f3761,3520550088202337,fraud_Pacocha-Weissnat,kids_pets,90.99,2019-12-29 23:21:57,47.8342,-90.0476,47.692844,-89.95761800000001,False
6a6ae50792bc68b2c4fa4c088abefcfe,3520550088202337,fraud_Kassulke PLC,shopping_net,150.01,2019-12-30 13:20:52,47.8342,-90.0476,47.744811,-89.454038,False
91f0fe99b4acc32b10d1c41cd9ed7355,3520550088202337,"fraud_Runolfsdottir, Mueller and Hand",entertainment,94.7,2019-12-30 17:00:38,47.8342,-90.0476,48.049224,-89.691541,False
ae374dd3f3cae71729fb76950a3a4971,3520550088202337,"fraud_Denesik, Powlowski and Pouros",home,11.26,2019-12-30 17:46:55,47.8342,-90.0476,47.704691,-91.013191,False
0828f42ee36378804b803ceee8ed3106,3520550088202337,fraud_Stiedemann Inc,misc_pos,24.66,2019-12-30 22:00:34,47.8342,-90.0476,47.672896,-90.466751,False
44cb43a5ad6a2df2e7ee9a50c6eb2b5c,3520550088202337,"fraud_Koss, Hansen and Lueilwitz",home,15.5,2019-12-30 23:50:19,47.8342,-90.0476,47.535278000000005,-89.338351,False
f38345f3e5ae59a090fd8c7c6aee55aa,3520550088202337,fraud_Kuphal-Toy,food_dining,1.08,2020-01-01 14:26:57,47.8342,-90.0476,47.238917,-89.200307,False
d84af5261082858eae46bb9738a33c5e,3520550088202337,fraud_Wisozk and Sons,misc_pos,167.38,2020-01-02 22:49:04,47.8342,-90.0476,47.753724,-90.103776,False
c5dddc352e925b4ec4bc6dc2b38b4486,3520550088202337,fraud_Bednar Group,misc_net,86.1,2020-01-03 16:08:34,47.8342,-90.0476,47.886214,-89.16275,False
6d358b971b1aa76470f633dbb74925b1,3520550088202337,"fraud_Roberts, Daniel and Macejkovic",kids_pets,23.97,2020-01-03 19:51:25,47.8342,-90.0476,48.030817,-90.683905,False
adaa300ea179873dd9692ba778bb49f1,3520550088202337,"fraud_Raynor, Feest and Miller",gas_transport,41.32,2020-01-04 04:58:26,47.8342,-90.0476,47.463493,-90.132181,False
fc64a2743c6a92ff1a23a55450e28802,3520550088202337,fraud_Stracke-Lemke,grocery_pos,57.69,2020-01-05 05:30:27,47.8342,-90.0476,48.286992,-89.539508,False
ec3a4d1975da469e223f4927b8b893b5,3520550088202337,fraud_Rodriguez Group,gas_transport,91.65,2020-01-06 11:28:59,47.8342,-90.0476,47.616761,-90.239666,False
a847b847846250e5fa900b4624105690,3520550088202337,"fraud_Klocko, Runolfsdottir and Breitenberg",health_fitness,1.15,2020-01-06 12:13:24,47.8342,-90.0476,47.291964,-90.006336,False
fcbdf1f32e539aa02a785de0565d98c6,3520550088202337,fraud_Lubowitz-Walter,kids_pets,33.79,2020-01-06 12:22:32,47.8342,-90.0476,47.869193,-89.207137,False
cde1b561be9b1e931edd237f14e02542,3520550088202337,fraud_Cartwright PLC,kids_pets,34.39,2020-01-08 13:22:35,47.8342,-90.0476,48.097352,-89.73097800000001,False
038d525f98d5b36406430808d0b0dc5f,3520550088202337,fraud_Volkman Ltd,misc_net,132.49,2020-01-08 22:39:31,47.8342,-90.0476,46.920743,-90.282741,False
36f2cc2c3b3e548491975a395cd2c9c9,3520550088202337,fraud_Goldner-Lemke,entertainment,106.01,2020-01-09 17:33:04,47.8342,-90.0476,48.39952,-90.906908,False
1d1e5dd987ee842521c9fdc46e1da015,3520550088202337,fraud_Nader-Heller,misc_net,107.23,2020-01-09 21:14:52,47.8342,-90.0476,47.642126,-89.95123199999999,False
3d9063da7e28c6ee7f73380918111a8a,3520550088202337,fraud_Kutch LLC,gas_transport,56.33,2020-01-10 03:30:14,47.8342,-90.0476,47.942137,-89.458884,False
ab199fb0024a6059f2ea43c3cfc91306,3520550088202337,"fraud_Schneider, Hayes and Nikolaus",food_dining,6.11,2020-01-11 16:59:22,47.8342,-90.0476,48.618021,-90.92645,False
8fa3207dc79945a536c1a13309704877,3520550088202337,fraud_Marvin-Lind,personal_care,2.68,2020-01-11 22:11:53,47.8342,-90.0476,47.797057,-89.672425,False
58b2bfe64042d1311da9f6b5b5a7feb2,3520550088202337,fraud_Kling-Grant,grocery_net,59.04,2020-01-12 09:53:26,47.8342,-90.0476,48.337968,-90.797808,False
49f1e603afbdfe0c77a1f3440fbc1d28,3520550088202337,fraud_Maggio-Fahey,misc_pos,110.59,2020-01-12 16:29:33,47.8342,-90.0476,47.504428999999995,-89.233336,False
e7a55170ddadfc05b0dec2cbe5e5be29,3520550088202337,fraud_Torphy-Kertzmann,health_fitness,6.42,2020-01-12 17:48:29,47.8342,-90.0476,47.889273,-90.300483,False
38f5cd539bd18ce0078010700e7c3a6c,3520550088202337,fraud_Wilkinson PLC,kids_pets,50.79,2020-01-12 20:55:09,47.8342,-90.0476,48.531307,-90.486829,False
0bf33111cb0e7aad74b345cb3f4d9ff3,3520550088202337,"fraud_Schoen, Kuphal and Nitzsche",grocery_pos,57.31,2020-01-13 04:46:56,47.8342,-90.0476,47.784312,-89.212863,False
54f198581a0c95ff53d2c8d83bcef588,3520550088202337,fraud_Jewess LLC,shopping_pos,116.79,2020-01-13 15:15:24,47.8342,-90.0476,47.477913,-90.351172,False
78124d3194c9143ad5e32d5bd38fb39c,3520550088202337,fraud_Bode-Schuster,kids_pets,64.16,2020-01-13 23:14:22,47.8342,-90.0476,48.042598,-91.021415,False
38a2582e44bbec048a68c86ac31acbb8,3520550088202337,fraud_Leannon-Ward,food_dining,2.24,2020-01-14 17:54:40,47.8342,-90.0476,48.175746999999994,-90.99428,False
b7ad03509b26cdf7ca087ee51e91e220,3520550088202337,fraud_Friesen-Ortiz,personal_care,16.67,2020-01-14 20:20:02,47.8342,-90.0476,47.290641,-89.970074,False
9540c36b9313ac19ea9ef672488fe4f2,3520550088202337,"fraud_Parker, Nolan and Trantow",entertainment,60.87,2020-01-15 23:03:20,47.8342,-90.0476,48.163306,-89.553235,False
7d306311587279a15f858a922822c961,3520550088202337,fraud_McCullough LLC,misc_pos,75.24,2020-01-15 23:09:37,47.8342,-90.0476,47.586614,-90.265971,False
4edbff4716345af525dae8ef55f8811f,3520550088202337,fraud_Veum-Koelpin,travel,3.67,2020-01-16 18:02:12,47.8342,-90.0476,47.789983,-90.324007,False
bb25723773983e8c78100b67408dc9bb,3520550088202337,fraud_Dibbert and Sons,entertainment,58.08,2020-01-16 23:09:38,47.8342,-90.0476,46.959394,-90.19195,False
934947ab1922ce1942a50a5b2501dfc0,3520550088202337,"fraud_Baumbach, Hodkiewicz and Walsh",shopping_pos,151.83,2020-01-17 18:24:13,47.8342,-90.0476,48.711976,-89.262553,False
db0033125c5debfef5bbb5a3bc6a544b,3520550088202337,fraud_Weimann-Lockman,kids_pets,15.11,2020-01-18 13:45:20,47.8342,-90.0476,48.652213,-90.410285,False
8e9f2ba569f2e7865f498551269c9d98,3520550088202337,"fraud_Stanton, Jakubowski and Baumbach",shopping_net,29.38,2020-01-18 17:01:06,47.8342,-90.0476,46.846884,-90.215835,False
a1b2b4af9ab5c01aec85db9b5d157feb,3520550088202337,fraud_Schumm PLC,health_fitness,48.78,2020-01-18 21:51:30,47.8342,-90.0476,48.775165,-89.270759,False
7d84a73348ddd163f489ff5f566f3cc9,3520550088202337,fraud_Roberts-Beahan,misc_pos,138.88,2020-01-19 12:04:48,47.8342,-90.0476,47.797436,-90.852978,False
5d3ca5f822e6f726fdc53e8a9e7c0073,3520550088202337,fraud_O'Connell-Ullrich,home,10.41,2020-01-19 12:44:32,47.8342,-90.0476,48.528193,-89.533068,False
47465564e01c43cc428698019a7cd980,3520550088202337,fraud_Kris-Weimann,misc_net,69.05,2020-01-19 17:14:58,47.8342,-90.0476,46.944553000000006,-89.37706800000001,False
37331f313a3560c5f392cd630efa8a6a,3520550088202337,fraud_Doyle Ltd,grocery_pos,98.86,2020-01-24 01:49:24,47.8342,-90.0476,47.668361,-90.956504,False
a5f24782d432cdb6f59e34abb2cd5518,3520550088202337,fraud_Corwin-Collins,gas_transport,64.01,2020-01-25 10:56:13,47.8342,-90.0476,48.305259,-89.98199,False
1ebb7f7e6c7312e2ab418611ec0469f7,3520550088202337,fraud_Bernhard Inc,gas_transport,46.13,2020-01-26 02:47:15,47.8342,-90.0476,47.330837,-90.490089,False
e3ffdfa7c2de9837c0ad0249123fd3f9,3520550088202337,fraud_Emard Inc,gas_transport,69.81,2020-01-26 08:34:20,47.8342,-90.0476,48.104934,-90.775987,False
5c54d4c41a214e5411b300cd98c1959a,3520550088202337,"fraud_McDermott, Osinski and Morar",home,96.19,2020-01-26 12:59:50,47.8342,-90.0476,48.270584,-90.509443,False
8ba077b557c8debd3a883bd8ab22fd29,3520550088202337,fraud_Flatley-Durgan,misc_net,178.16,2020-01-26 18:59:53,47.8342,-90.0476,48.816731,-90.741057,False
defcb5e068918cde9d9be84775644eea,3520550088202337,fraud_Spinka Inc,grocery_net,16.09,2020-01-27 01:43:07,47.8342,-90.0476,46.905709,-89.31140699999999,False
8c047f30ad5bbc30829af0264c80ad49,3520550088202337,fraud_Rau-Robel,kids_pets,6.34,2020-01-27 18:25:52,47.8342,-90.0476,46.926894,-90.96809,False
93590bc125c7be021e370576edb8fb5b,3520550088202337,fraud_Pollich LLC,home,62.54,2020-01-28 15:07:00,47.8342,-90.0476,47.800769,-89.637374,False
bda90f0e6d19d4461632f4c91f404d77,3520550088202337,"fraud_Johnson, Runolfsdottir and Mayer",misc_net,105.19,2020-01-29 17:40:07,47.8342,-90.0476,46.930368,-90.399615,False
cd36de99167c2ad3c834f99c51ba695f,3520550088202337,fraud_Brekke and Sons,gas_transport,85.84,2020-01-30 10:26:08,47.8342,-90.0476,47.167365999999994,-89.724034,False
6efef4e367f33d14b505d08a3df3ec6b,3520550088202337,fraud_Padberg-Rogahn,entertainment,79.72,2020-01-30 19:35:33,47.8342,-90.0476,48.587245,-90.902203,False
4eb0987451c489d58a3b50b9a2ae268f,3520550088202337,fraud_Howe PLC,entertainment,148.38,2020-02-01 13:21:48,47.8342,-90.0476,47.230861,-89.84557099999999,False
0ed708698741378343aa12b741592195,3520550088202337,fraud_Kessler Group,travel,6.3,2020-02-01 14:06:51,47.8342,-90.0476,47.840044,-89.575001,False
ced73d0ab672e7d36a15eec4c8a711f9,3520550088202337,fraud_Sawayn PLC,shopping_pos,126.09,2020-02-02 16:43:16,47.8342,-90.0476,48.035499,-89.24427,False
403a475e908f564ae71b321c0c15b19c,3520550088202337,"fraud_Tillman, Dickinson and Labadie",gas_transport,40.17,2020-02-03 09:39:27,47.8342,-90.0476,47.12481,-89.724117,False
7552712e26ffcf90d4943bf9fa2868a1,3520550088202337,fraud_Hamill-D'Amore,health_fitness,90.77,2020-02-03 16:10:23,47.8342,-90.0476,48.785917,-90.909999,False
b9235bf3e0272c9870dc7c52f1e9a3c7,3520550088202337,fraud_Kuphal-Predovic,misc_net,139.57,2020-02-03 20:44:32,47.8342,-90.0476,46.931377000000005,-90.07194799999999,False
79426a817419476102df8824435101de,3520550088202337,fraud_Waters-Cruickshank,health_fitness,30.92,2020-02-03 22:22:36,47.8342,-90.0476,48.52309,-89.574782,False
65ceb5a6f71199abb37511023110405c,3520550088202337,fraud_O'Hara-Wilderman,food_dining,6.51,2020-02-04 15:00:59,47.8342,-90.0476,47.248064,-90.679063,False
a1aba57c61b6742ad50d5dc3ad913c84,3520550088202337,fraud_Schmeler-Howe,personal_care,2.79,2020-02-06 12:03:11,47.8342,-90.0476,48.679790999999994,-89.502643,False
b6be4c54271b131079942caf05c2b222,3520550088202337,fraud_Schulist Ltd,food_dining,9.27,2020-02-07 21:15:28,47.8342,-90.0476,47.474874,-89.867933,False
3f6ca8594f2531bce3e23c59c34084a4,3520550088202337,"fraud_Wintheiser, Dietrich and Schimmel",misc_pos,99.97,2020-02-07 22:55:45,47.8342,-90.0476,47.534768,-89.651825,False
98472411e5751d7c186b9ee6a73d7696,3520550088202337,fraud_Shields-Wunsch,health_fitness,1.65,2020-02-08 19:50:16,47.8342,-90.0476,48.281251,-89.734402,False
5592450380a186422ab400ed7d2cf1b1,3520550088202337,"fraud_Torp, Muller and Borer",health_fitness,3.11,2020-02-10 19:46:56,47.8342,-90.0476,48.195318,-89.740592,False
5c74fe192a52c054ff5274642f15639f,3520550088202337,"fraud_Schuppe, Nolan and Hoeger",shopping_pos,176.36,2020-02-10 20:12:47,47.8342,-90.0476,48.265508,-90.01668199999999,False
eb85950b1e879625b49b39e56ced230e,3520550088202337,fraud_Roob LLC,grocery_net,12.77,2020-02-11 02:50:19,47.8342,-90.0476,47.853415000000005,-91.017854,False
d2e75c0e4f230f1ea2fa5cbb2a084db1,3520550088202337,fraud_Bins-Howell,personal_care,14.37,2020-02-13 12:45:01,47.8342,-90.0476,48.814964,-90.540976,False
1ba6ddf94bdea7f291b66d1d8782e23f,3520550088202337,fraud_Ernser-Lynch,food_dining,2.41,2020-02-13 19:30:00,47.8342,-90.0476,47.597851,-89.48489599999999,False
ed95d24db7a999443c459c05c13cbb8e,3520550088202337,"fraud_Koss, Hansen and Lueilwitz",home,169.66,2020-02-14 13:16:46,47.8342,-90.0476,48.196434,-90.922432,False
3d6681dc55a83644f58857c3b52cc483,3520550088202337,fraud_Kerluke Inc,misc_net,92.28,2020-02-15 16:15:20,47.8342,-90.0476,48.019917,-90.686529,False
82cc59a2d394232066df61e5a9173e77,3520550088202337,fraud_Adams-Barrows,health_fitness,10.01,2020-02-15 16:32:24,47.8342,-90.0476,47.435485,-90.270185,False
f465431b239665cce26c6a9239a4844f,3520550088202337,fraud_Erdman-Kertzmann,gas_transport,67.06,2020-02-16 04:02:15,47.8342,-90.0476,46.885349,-89.356677,False
a41f7d7a6e3439a8af92a640fb1e6c7a,3520550088202337,fraud_Kutch and Sons,grocery_pos,62.6,2020-02-16 05:15:54,47.8342,-90.0476,48.687357,-89.37293199999999,False
205a969e70bef993b8734a1557e0b2fc,3520550088202337,fraud_Cruickshank-Mills,entertainment,126.89,2020-02-17 12:02:59,47.8342,-90.0476,47.280165999999994,-90.381847,False
ae0960370a27e46d301c9561f1136e9a,3520550088202337,"fraud_Tillman, Fritsch and Schmitt",misc_net,82.96,2020-02-17 12:14:04,47.8342,-90.0476,48.345905,-90.534691,False
cdc6e561a1b186600f73db31bbe677fd,3520550088202337,fraud_Shanahan-Lehner,personal_care,261.62,2020-02-18 14:15:34,47.8342,-90.0476,47.148947,-89.38838100000001,False
e68e429621da3bf42a4d68c4525fd0b8,3520550088202337,fraud_Hintz-Bruen,grocery_net,58.03,2020-02-19 08:54:59,47.8342,-90.0476,48.57738,-90.034511,False
3b1e167c25da7a1a459fefe498ce5929,3520550088202337,fraud_Murray Ltd,grocery_net,56.86,2020-02-19 11:40:42,47.8342,-90.0476,47.870384,-89.478444,False
b4ccc2080dda06e27c98209261a9d31f,3520550088202337,fraud_Lebsack and Sons,misc_net,107.39,2020-02-21 15:43:05,47.8342,-90.0476,48.383308,-90.207737,False
ee25cd5866f3de242b31c3a1e9025eff,3520550088202337,fraud_Murray Ltd,grocery_net,33.76,2020-02-22 10:22:01,47.8342,-90.0476,46.969359,-90.93896,False
e27b1a5e1b35d26005b00a97e23ce57e,3520550088202337,fraud_Auer-Mosciski,grocery_pos,37.93,2020-02-22 11:35:01,47.8342,-90.0476,46.840493,-90.224796,False
a932f8255f2f7f1669ac15b4acd75dc7,3520550088202337,fraud_Friesen-Ortiz,personal_care,37.21,2020-02-23 12:14:04,47.8342,-90.0476,47.117069,-89.69274399999999,False
563ac475d62074b06dc2c31e1dcbdb2c,3520550088202337,fraud_Jaskolski-Vandervort,misc_net,115.44,2020-02-23 15:16:49,47.8342,-90.0476,47.774572,-89.130013,False
b0adfe5f7626fec83703d14ac76bdd58,3520550088202337,fraud_Botsford Ltd,shopping_pos,149.25,2020-02-23 16:35:00,47.8342,-90.0476,47.070814,-90.032431,False
211d2da6083737e6d919ef29477c2d2e,3520550088202337,"fraud_Kutch, Steuber and Gerhold",food_dining,6.73,2020-02-23 20:25:47,47.8342,-90.0476,48.157837,-90.463036,False
e6dbc21bb529db23f4bcd168122e1828,3520550088202337,fraud_Kihn-Fritsch,food_dining,8.81,2020-02-24 15:31:35,47.8342,-90.0476,48.767853,-89.676062,False
73cbf373a60cf0ff4879ee31b3e02bb8,3520550088202337,fraud_Bode-Schuster,kids_pets,4.33,2020-02-25 22:28:53,47.8342,-90.0476,48.829115,-90.279191,False
fea9d2866dd180974ffabfec41eb769d,3520550088202337,"fraud_Stanton, Jakubowski and Baumbach",shopping_net,147.15,2020-02-26 16:53:21,47.8342,-90.0476,47.085431,-90.404888,False
c8cb1e2f0e2905e33f6f7a6a23b7cf18,3520550088202337,fraud_Cruickshank-Mills,entertainment,61.41,2020-03-01 23:04:54,47.8342,-90.0476,47.853036,-89.554938,False
07dcaac80b0c3d83b6e279399c52be19,3520550088202337,fraud_Koepp-Parker,grocery_pos,69.71,2020-03-02 01:57:39,47.8342,-90.0476,47.852786,-89.153545,False
ab0486a5fd13996d8a5ab1e3bc403f8e,3520550088202337,fraud_Dooley-Thompson,misc_net,63.23,2020-03-02 13:29:34,47.8342,-90.0476,48.074376,-89.849649,False
6c500c6d32b896de48514429d2d4099f,3520550088202337,fraud_McCullough LLC,misc_pos,39.86,2020-03-02 17:04:52,47.8342,-90.0476,47.939163,-90.466509,False
5ee48b2866751f3471385bc9f20c7c5a,3520550088202337,fraud_Kling-Ernser,entertainment,123.16,2020-03-02 18:27:46,47.8342,-90.0476,48.324275,-90.210461,False
78f75fcba619bffa6c57f3674d37ab70,3520550088202337,fraud_Kris-Padberg,shopping_pos,134.39,2020-03-02 18:59:41,47.8342,-90.0476,47.892352,-89.216746,False
12c4856b63131a927614d500fa1e6e35,3520550088202337,"fraud_Watsica, Haag and Considine",shopping_pos,120.73,2020-03-02 22:18:45,47.8342,-90.0476,48.817566,-89.894317,False
4fed5221fd98fd36dc6f6ff7a6829a79,3520550088202337,"fraud_Lind, Huel and McClure",gas_transport,84.23,2020-03-03 02:51:57,47.8342,-90.0476,47.902735,-90.916516,False
ad50d9763d0379e4c06a34cee42e80cd,3520550088202337,fraud_Kuphal-Predovic,misc_net,176.18,2020-03-03 22:36:03,47.8342,-90.0476,48.157813,-90.408871,False
76f49a0e04ba12f37d0394cbd4cb9b6a,3520550088202337,fraud_Jacobi and Sons,shopping_pos,171.53,2020-03-05 13:29:08,47.8342,-90.0476,47.680955,-89.17697,False
170a60424479d9fdc1daf987dbb48787,3520550088202337,fraud_Erdman-Kertzmann,gas_transport,55.08,2020-03-06 04:22:52,47.8342,-90.0476,48.149119,-89.61141500000001,False
4405c469ef51fccff70046a10cd5b540,3520550088202337,fraud_Emmerich-Rau,personal_care,7.02,2020-03-07 21:38:46,47.8342,-90.0476,48.422971,-89.146202,False
4533f06bdfb70452d3d324bf147c3f18,3520550088202337,fraud_Heller-Langosh,gas_transport,77.53,2020-03-08 03:48:00,47.8342,-90.0476,47.810561,-89.773943,False
fe3a8a77c8bf8f609619bddaaaa8bd1e,3520550088202337,fraud_Lynch Ltd,shopping_pos,131.62,2020-03-08 13:58:00,47.8342,-90.0476,47.450084999999994,-90.04600400000001,False
76720ade5b1c28e80c4acd971a381617,3520550088202337,"fraud_Hauck, Dietrich and Funk",kids_pets,49.67,2020-03-08 20:00:14,47.8342,-90.0476,47.770677,-89.97251800000001,False
774f7ffb0f62e86bb4642849e0a6463a,3520550088202337,fraud_Hudson-Ratke,grocery_pos,64.19,2020-03-09 05:34:29,47.8342,-90.0476,46.885159,-90.891383,False
881efc509eed331ce26810f5bb32c6f2,3520550088202337,fraud_Jakubowski Inc,home,47.73,2020-03-09 12:32:12,47.8342,-90.0476,47.708152,-89.83714300000001,False
e2eee08d542037bb216820eb736da6e2,3520550088202337,fraud_Shanahan-Lehner,personal_care,13.99,2020-03-10 14:31:05,47.8342,-90.0476,47.509307,-90.208146,False
de2a51a043c9e3844754aadea70ad984,3520550088202337,"fraud_Mosciski, Ziemann and Farrell",shopping_net,177.04,2020-03-10 22:57:02,47.8342,-90.0476,47.163383,-90.831197,False
616420ccaf2576ab9adef121fb257529,3520550088202337,fraud_Sawayn PLC,shopping_pos,141.43,2020-03-13 14:28:22,47.8342,-90.0476,48.333612,-89.104425,False
76c858a549a1a842611a76280afc2ba1,3520550088202337,fraud_Mohr-Bayer,shopping_net,84.33,2020-03-13 20:07:06,47.8342,-90.0476,47.554718,-89.748927,False
3eff3cc1bbd96f9850b6721d1c9333cb,3520550088202337,fraud_Harris Inc,gas_transport,50.54,2020-03-15 06:57:12,47.8342,-90.0476,47.527715,-90.048569,False
469538083da89678977bf93c442594e1,3520550088202337,"fraud_Dare, Fritsch and Zboncak",health_fitness,78.25,2020-03-15 18:33:00,47.8342,-90.0476,46.906661,-90.559605,False
b2a94451d39164ba4e292b43eac0c4a2,3520550088202337,"fraud_Lehner, Reichert and Mills",misc_pos,81.54,2020-03-15 18:53:08,47.8342,-90.0476,48.083888,-90.412551,False
b1766a5a2a28d5cc32e10704c55731e3,3520550088202337,fraud_Rau-Robel,kids_pets,53.14,2020-03-15 20:35:25,47.8342,-90.0476,47.974696,-90.076182,False
d263b31e1afab331363754bc57b78535,3520550088202337,fraud_Conroy-Cruickshank,gas_transport,64.92,2020-03-16 02:36:25,47.8342,-90.0476,47.274624,-90.408246,False
b3f3f11628be4fb6f3e586d5826b8f52,3520550088202337,fraud_Friesen-Stamm,gas_transport,34.47,2020-03-16 10:59:12,47.8342,-90.0476,48.747497,-90.05326099999999,False
6ac721abd1318a0bd4f7a98901fd1a61,3520550088202337,fraud_Schuppe-Schuppe,food_dining,3.95,2020-03-16 12:57:58,47.8342,-90.0476,47.803509000000005,-90.915508,False
a8ff478a45d2f0eac915ebf8b9e77633,3520550088202337,fraud_Gleason-Macejkovic,shopping_net,49.37,2020-03-16 13:50:05,47.8342,-90.0476,48.194752,-90.828957,False
53afbee9ac547684d6cc855dbbbf846b,3520550088202337,fraud_Mayert Group,shopping_pos,151.29,2020-03-16 14:31:27,47.8342,-90.0476,48.050681,-89.94363299999999,False
8bf57853e83c00cc580b81f0f2b301db,3520550088202337,fraud_Spencer PLC,entertainment,74.17,2020-03-16 18:00:28,47.8342,-90.0476,47.278679,-90.806148,False
6dd1a3467dfe918f7b841bb115025cf4,3520550088202337,fraud_Roob-Okuneva,health_fitness,2.26,2020-03-16 20:04:35,47.8342,-90.0476,47.270967,-90.536688,False
948d610969bd5334a40a5c27debc55a1,3520550088202337,fraud_Torphy-Kertzmann,health_fitness,2.92,2020-03-16 20:59:34,47.8342,-90.0476,47.300797,-89.618315,False
db243391b28954e6b22582732501b87c,3520550088202337,"fraud_Runolfsdottir, Mueller and Hand",entertainment,124.36,2020-03-16 23:36:18,47.8342,-90.0476,47.504696,-91.037729,False
1a8f054efdd609355e1a9b9713b6c6af,3520550088202337,fraud_Berge LLC,gas_transport,66.64,2020-03-17 00:40:25,47.8342,-90.0476,48.681099,-89.144734,False
059ca639db8b46ff9e23f126e36942c7,3520550088202337,fraud_Kassulke PLC,shopping_net,39.57,2020-03-17 21:00:38,47.8342,-90.0476,48.523536,-89.72366,False
319a2663fdc7d0f9ed7cbdba98ef57ff,3520550088202337,fraud_Zemlak Group,misc_net,138.48,2020-03-18 15:58:55,47.8342,-90.0476,48.213182,-89.333515,False
c7776bef3fa60f9d2321018b0c73138e,3520550088202337,fraud_Roob-Okuneva,health_fitness,63.38,2020-03-18 17:32:11,47.8342,-90.0476,47.166059999999995,-90.500606,False
9932960fdfe5c16a8d9fe09db744a6dd,3520550088202337,fraud_Cartwright-Harris,grocery_pos,90.29,2020-03-19 09:24:15,47.8342,-90.0476,46.94102,-90.438957,False
206b90f609f8d7b35d6888320a8ab6f1,3520550088202337,fraud_Ankunding LLC,shopping_net,117.74,2020-03-19 14:04:53,47.8342,-90.0476,47.80698,-89.885728,False
8d38cc268298c8128836fdae79e7c746,3520550088202337,"fraud_Weber, Thiel and Hammes",kids_pets,20.76,2020-03-20 19:10:08,47.8342,-90.0476,48.34227,-90.224589,False
ae53e519c88cd6945141516cb002f8d1,3520550088202337,fraud_Monahan-Morar,personal_care,45.01,2020-03-20 20:01:53,47.8342,-90.0476,47.354475,-89.141655,False
ad9680142f79c5c683c49f5ac1f81b5b,3520550088202337,fraud_Jast-McDermott,shopping_pos,124.28,2020-03-20 20:05:11,47.8342,-90.0476,48.179666,-89.58512900000001,False
ecded0f2d4e28719dc72f0faf159efa3,3520550088202337,fraud_Bins-Tillman,entertainment,71.73,2020-03-20 23:20:03,47.8342,-90.0476,48.167093,-90.702172,False
24e112ea82e16768a58abcee52bcfe63,3520550088202337,"fraud_Lehner, Mosciski and King",misc_net,59.26,2020-03-21 19:00:11,47.8342,-90.0476,47.817333000000005,-90.00735999999999,False
c86cf4f8fff7d1f9f32b4b462b0faf82,3520550088202337,fraud_Kemmer-Reinger,grocery_net,26.1,2020-03-22 10:12:51,47.8342,-90.0476,47.493753000000005,-89.64188299999999,False
fe030d1255183cb3e6d2d35c3c337212,3520550088202337,fraud_Mohr-Bayer,shopping_net,203.45,2020-03-22 14:05:36,47.8342,-90.0476,48.363159,-89.345268,False
ee046abe62b62d855aa5de663c7f1ec6,3520550088202337,fraud_Macejkovic-Lesch,shopping_pos,144.76,2020-03-22 21:18:24,47.8342,-90.0476,47.232517,-89.725539,False
ccb9a0f53e10c985e3a1f2c609d04718,3520550088202337,fraud_Kulas Group,health_fitness,73.23,2020-03-22 21:53:31,47.8342,-90.0476,48.234909,-89.118076,False
0699d3298e50ac2b5fe9cbb3edeb6ec6,3520550088202337,fraud_Simonis-Prohaska,misc_pos,149.4,2020-03-22 23:30:41,47.8342,-90.0476,47.368027000000005,-90.121892,False
224ca7630cae2d565d2d357c77bb018b,3520550088202337,fraud_Funk Group,grocery_net,23.83,2020-03-23 10:32:45,47.8342,-90.0476,48.454258,-89.258195,False
435bea699f0547eb2bf9b160f68b9cbb,3520550088202337,fraud_Hackett-Lueilwitz,grocery_pos,88.38,2020-03-23 15:04:12,47.8342,-90.0476,48.798317,-90.287882,False
666b8dc3ca6c72e4095de45f05ed46e2,3520550088202337,fraud_Lynch-Mohr,travel,3.99,2020-03-23 17:55:52,47.8342,-90.0476,48.570293,-89.736673,False
77797bc846f75a58c16428ecd82d9513,3520550088202337,fraud_Heller-Abshire,grocery_net,21.53,2020-03-24 00:28:38,47.8342,-90.0476,46.90456,-89.074851,False
3948469d8c396213cfdaef920658dd22,3520550088202337,fraud_Jaskolski-Dibbert,grocery_net,7.64,2020-03-24 00:51:23,47.8342,-90.0476,48.226338,-90.096813,False
1ff50ad3a127a5e23d6ca3c292f55a5a,3520550088202337,fraud_Kris-Padberg,shopping_pos,94.36,2020-03-24 14:28:26,47.8342,-90.0476,46.938992,-89.116873,False
a44deb1beb231f53fa774cb583cb33b4,3520550088202337,fraud_VonRueden Group,grocery_net,30.23,2020-03-25 10:05:20,47.8342,-90.0476,47.155397,-90.64472,False
4dd75d6e2d1d888aacb94cf5e0d072ff,3520550088202337,fraud_Cartwright PLC,kids_pets,33.92,2020-03-25 20:20:41,47.8342,-90.0476,47.430557,-90.281902,False
842e7888cd90c0717b1adf7015af9cbf,3520550088202337,fraud_Dooley-Thompson,misc_net,88.83,2020-03-25 22:35:41,47.8342,-90.0476,48.38915,-90.843812,False
463060b46d197b82b9c2f85325d7b289,3520550088202337,fraud_Kutch LLC,gas_transport,60.81,2020-03-26 11:41:58,47.8342,-90.0476,48.559562,-89.156181,False
3fe163e0f48adcadd01fdbdb8e641b7d,3520550088202337,fraud_Thiel PLC,misc_pos,236.47,2020-03-26 19:32:34,47.8342,-90.0476,48.253681,-89.59036800000001,False
cce76af0ccb0ce8b1f1ebdad85557ef7,3520550088202337,fraud_Harris Inc,gas_transport,67.33,2020-03-27 06:08:19,47.8342,-90.0476,47.147853999999995,-90.148769,False
1026eb86c4be676ecb5670b39634cd44,3520550088202337,fraud_Dickinson Ltd,personal_care,6.32,2020-03-28 19:00:04,47.8342,-90.0476,48.477319,-89.980564,False
567a77d88dca29a2aa1b39657aa0b79f,3520550088202337,fraud_Herman Inc,misc_pos,268.83,2020-03-29 15:39:09,47.8342,-90.0476,46.92307,-90.693713,False
d759c4a0e1ad4497168b5a7e386140ff,3520550088202337,"fraud_Ferry, Lynch and Kautzer",misc_net,99.47,2020-03-29 21:48:27,47.8342,-90.0476,47.778715000000005,-90.974237,False
2f44ef6e8ad13e562a8e04e101f79942,3520550088202337,"fraud_Kerluke, Considine and Macejkovic",misc_net,170.73,2020-03-29 23:12:49,47.8342,-90.0476,48.540386,-91.004212,False
ae368e1fdcb180769230fafcf18f232c,3520550088202337,fraud_Dicki Ltd,grocery_net,32.0,2020-03-30 00:11:46,47.8342,-90.0476,47.971218,-89.307273,False
9b58ef511052cad602c76fb642fb95e3,3520550088202337,fraud_Leannon-Ward,food_dining,48.11,2020-03-30 12:12:58,47.8342,-90.0476,46.849540000000005,-90.465468,False
44b0247c0c02acbfc7b97d3e1da3450e,3520550088202337,fraud_Balistreri-Nader,misc_pos,89.2,2020-03-30 13:55:48,47.8342,-90.0476,48.485103,-89.52684,False
770c5e156c00cee097ee5ec2f345be56,3520550088202337,fraud_Waters-Cruickshank,health_fitness,10.6,2020-03-30 19:06:24,47.8342,-90.0476,48.787397,-89.373553,False
8313819e25313e37da813a0591619042,3520550088202337,fraud_Kuphal-Bartoletti,misc_net,107.24,2020-03-30 20:52:48,47.8342,-90.0476,47.240373,-89.519227,False
c873f65f757d090b8db7629e0691d516,3520550088202337,fraud_Bednar PLC,kids_pets,37.08,2020-03-30 22:06:06,47.8342,-90.0476,47.959034,-89.385802,False
dbfc3ad1078f6d19ac12a60e8f872525,3520550088202337,"fraud_Lind, Huel and McClure",gas_transport,65.12,2020-03-31 05:20:48,47.8342,-90.0476,47.345489,-89.093089,False
aa78eff272f445cdaaff1eea9f090d44,3520550088202337,fraud_Collier LLC,home,13.53,2020-03-31 13:02:03,47.8342,-90.0476,47.96107,-89.904288,False
6d549461c52bac98244524405472e96c,3520550088202337,fraud_Jacobi Inc,health_fitness,92.43,2020-04-01 13:11:51,47.8342,-90.0476,48.270865,-90.000899,False
a66d58581ae10a3534cbc4dd8d535cb6,3520550088202337,fraud_Miller-Harris,misc_net,169.89,2020-04-01 21:57:32,47.8342,-90.0476,47.347341,-90.622418,False
3780face7e098a38d27c320c67425584,3520550088202337,fraud_Kerluke-Abshire,shopping_net,97.2,2020-04-03 17:17:33,47.8342,-90.0476,47.603839,-89.782433,False
6f0a29f733461270277c2090596f5f88,3520550088202337,"fraud_Stroman, Hudson and Erdman",gas_transport,45.3,2020-04-04 00:08:42,47.8342,-90.0476,47.532579,-90.578746,False
791c94c1e59d7d65b35faf60a1639775,3520550088202337,"fraud_Koss, McLaughlin and Mayer",food_dining,2.44,2020-04-05 12:47:28,47.8342,-90.0476,47.961822,-91.0435,False
c981f96f132578c4d7ae001e09724791,3520550088202337,fraud_Friesen-Ortiz,personal_care,5.73,2020-04-07 12:11:07,47.8342,-90.0476,47.084771,-90.612395,False
7396c3f0af33b108a4da6d28ceab1a39,3520550088202337,fraud_Little-Gleichner,travel,8.51,2020-04-07 14:25:43,47.8342,-90.0476,47.161053,-89.093921,False
e2918902719326d761d31bc60e0cffc9,3520550088202337,"fraud_Hettinger, McCullough and Fay",home,10.72,2020-04-08 14:53:06,47.8342,-90.0476,48.576166,-89.91499,False
f75a04a897a586a1ad8d65db1f78ef3c,3520550088202337,fraud_Hills-Boyer,personal_care,97.0,2020-04-08 15:11:54,47.8342,-90.0476,47.175798,-89.66381,False
1c5d2f8e73c015257b285f39c3c676d3,3520550088202337,fraud_Block-Parisian,misc_net,127.2,2020-04-08 17:26:54,47.8342,-90.0476,48.157096,-90.022141,False
bd5822dbc634eee70afd0cd4f817f65c,3520550088202337,fraud_Kutch LLC,gas_transport,68.34,2020-04-09 10:39:55,47.8342,-90.0476,48.073337,-90.704667,False
7f2b0203b9ac05d55ca662c563f3a606,3520550088202337,"fraud_Wuckert, Wintheiser and Friesen",home,102.13,2020-04-09 17:52:31,47.8342,-90.0476,47.261672,-90.961712,False
f0ad88f35fa63e64de346af60763df6d,3520550088202337,"fraud_Herman, Treutel and Dickens",misc_net,108.95,2020-04-09 22:41:03,47.8342,-90.0476,48.568978,-89.914569,False
d00f62c959a7526b7b8c36df5d825d91,3520550088202337,"fraud_Welch, Rath and Koepp",entertainment,101.13,2020-04-11 13:28:55,47.8342,-90.0476,48.426854,-89.682367,False
ea11cf4721ad0378a578e43884625af6,3520550088202337,fraud_Harris Group,food_dining,26.22,2020-04-11 16:13:17,47.8342,-90.0476,48.257019,-90.544093,False
f8bb96df92d7d67f4f3389056f461560,3520550088202337,fraud_Marks Inc,gas_transport,39.87,2020-04-12 07:16:14,47.8342,-90.0476,48.41473,-90.062712,False
1d9bd400f53ba40039cfef454b3fb957,3520550088202337,fraud_Herzog Ltd,misc_pos,51.74,2020-04-12 12:46:24,47.8342,-90.0476,47.546733,-89.264967,False
fe291740fb5ea14a6bf693ecdb0348f6,3520550088202337,fraud_O'Keefe-Hudson,grocery_pos,45.51,2020-04-13 04:28:35,47.8342,-90.0476,47.367526,-89.544484,False
e4cc2ffe4f35ba7388859db1892d4aed,3520550088202337,"fraud_Kutch, Hermiston and Farrell",gas_transport,61.25,2020-04-13 04:46:55,47.8342,-90.0476,48.215349,-90.981974,False
5ec9549a4c29667c1b13ffafaf857f1b,3520550088202337,fraud_Lind-Buckridge,entertainment,96.29,2020-04-13 22:56:24,47.8342,-90.0476,46.835325,-89.96895699999999,False
7d7890bc43b2753ae7c1f46d74bfc8c4,3520550088202337,fraud_Stiedemann Inc,misc_pos,227.54,2020-04-13 23:17:19,47.8342,-90.0476,47.916911,-90.310881,False
00b9806eb660f0baf67f01c5cdbbf6a9,3520550088202337,fraud_Will Ltd,food_dining,2.58,2020-04-13 23:50:21,47.8342,-90.0476,48.705740000000006,-90.503464,False
cc0259c7e79719124e0e639e5fb0c956,3520550088202337,"fraud_Tillman, Dickinson and Labadie",gas_transport,76.52,2020-04-14 04:21:54,47.8342,-90.0476,48.756115,-90.320785,False
61b0d8329c8a9c8452acbe2c6d4a577d,3520550088202337,fraud_Kautzer and Sons,personal_care,12.16,2020-04-14 23:24:28,47.8342,-90.0476,48.007648,-89.303584,False
ca4391ac27faa7b89cac4c45e2bca8f7,3520550088202337,fraud_Effertz LLC,entertainment,49.37,2020-04-16 16:26:29,47.8342,-90.0476,48.340796999999995,-89.785831,False
4364eb6de0f386b1393a724b194b0862,3520550088202337,fraud_Gislason Group,misc_pos,86.88,2020-04-17 21:35:01,47.8342,-90.0476,47.780881,-89.878178,False
387af596bcd1cdff5bc6aeb910b01910,3520550088202337,fraud_Kris-Weimann,misc_net,88.68,2020-04-18 23:14:41,47.8342,-90.0476,48.327949,-89.742476,False
025f6276582d6db4692c5b6b6a9604c8,3520550088202337,fraud_Kutch-Hegmann,grocery_net,13.0,2020-04-19 04:16:21,47.8342,-90.0476,47.369631,-89.84541999999999,False
a40f41b9f0ec1e7a653af10f26962a42,3520550088202337,fraud_Howe PLC,entertainment,114.86,2020-04-19 22:02:26,47.8342,-90.0476,47.533424,-89.25894699999999,False
23e9db354d6d8a9215abe947f53fe525,3520550088202337,"fraud_Hyatt, Russel and Gleichner",health_fitness,114.55,2020-04-20 12:11:19,47.8342,-90.0476,47.711132,-89.797537,False
0295674744d2ae9b34a2ed7b5a915e6e,3520550088202337,fraud_Sawayn PLC,shopping_pos,114.85,2020-04-20 14:08:12,47.8342,-90.0476,48.104251,-90.522283,False
ee4717fe7b41afd1bb212e689f860170,3520550088202337,fraud_Kunde-Sanford,misc_net,84.97,2020-04-20 15:33:36,47.8342,-90.0476,47.882003000000005,-89.526557,False
bbcee7c0c0f4766d991e1b7a5d2cc4a6,3520550088202337,fraud_Dibbert and Sons,entertainment,47.73,2020-04-20 15:56:31,47.8342,-90.0476,48.613249,-90.619681,False
d48b221f72cc506a358f363826f602fb,3520550088202337,fraud_Kuhic LLC,shopping_net,53.64,2020-04-20 22:05:19,47.8342,-90.0476,48.81326,-89.622213,False
f94b6998be7905a3feffdec8734c72c0,3520550088202337,fraud_Maggio-Fahey,misc_pos,329.13,2020-04-22 18:06:28,47.8342,-90.0476,47.006871,-89.297298,False
5fdd7e1d832aab6d3deb732b091b4888,3520550088202337,"fraud_Greenholt, O'Hara and Balistreri",shopping_net,9.17,2020-04-23 16:19:52,47.8342,-90.0476,48.527824,-89.71990699999999,False
68651ccd4402e6b3daebe416fdb587d4,3520550088202337,fraud_Morar Inc,grocery_net,39.28,2020-04-25 01:50:19,47.8342,-90.0476,48.042512,-89.728452,False
f6c766a15afcc9832d24697280b55392,3520550088202337,fraud_Schumm PLC,health_fitness,9.07,2020-04-25 14:37:58,47.8342,-90.0476,47.137607,-89.821332,False
ce53ed0077e9bdf1ee23f0427e79f45b,3520550088202337,fraud_Gislason Group,misc_pos,172.47,2020-04-25 17:26:34,47.8342,-90.0476,48.415525,-89.338616,False
44ace1722fa0e99fa19a79aa647db1fd,3520550088202337,fraud_Parisian and Sons,gas_transport,69.43,2020-04-26 00:46:50,47.8342,-90.0476,46.902995,-89.227389,False
d320257b6ef26523fc34749963500fab,3520550088202337,"fraud_Schaefer, Maggio and Daugherty",gas_transport,74.24,2020-04-26 07:22:09,47.8342,-90.0476,48.239911,-90.156189,False
902df8d9335c80643539f221294b3c35,3520550088202337,"fraud_Haley, Batz and Auer",health_fitness,65.46,2020-04-26 13:44:02,47.8342,-90.0476,47.564932,-89.145103,False
8ad7b11e7867d8abba78e8238a2a7655,3520550088202337,fraud_Haley Group,misc_pos,124.78,2020-04-26 15:53:59,47.8342,-90.0476,47.161345,-89.250433,False
7e6963da65bb2ae1b8f7c3e1abb35bd9,3520550088202337,"fraud_Streich, Rolfson and Wilderman",kids_pets,112.78,2020-04-26 22:07:58,47.8342,-90.0476,48.005686,-89.29853299999999,False
c3b98ccb06f5bad262f64ba6a425a106,3520550088202337,fraud_Dach-Borer,grocery_net,51.08,2020-04-27 11:23:27,47.8342,-90.0476,47.854426,-89.554123,False
93772a39908d8192a7c52e1d73ffbe00,3520550088202337,"fraud_Reichert, Huels and Hoppe",shopping_net,12.04,2020-04-27 17:26:31,47.8342,-90.0476,47.056444,-90.5642,False
917abe8b551315907441258cc06337f0,3520550088202337,fraud_Zboncak LLC,food_dining,5.3,2020-04-27 23:01:40,47.8342,-90.0476,46.854025,-90.408714,False
0771b59772d393dd9db61106950aa79c,3520550088202337,fraud_Wilkinson LLC,personal_care,111.55,2020-04-28 19:41:51,47.8342,-90.0476,48.14398,-90.78049,False
b5ff28df0837a654df35b9d364c180e1,3520550088202337,fraud_Larkin Ltd,kids_pets,20.54,2020-04-28 22:25:36,47.8342,-90.0476,48.647218,-89.429645,False
bb60433b86cc5980fc488e575d846a57,3520550088202337,fraud_Brekke and Sons,gas_transport,47.06,2020-04-29 09:33:49,47.8342,-90.0476,48.578515,-90.001073,False
d2fc24d6663d6d453b042404ec613f74,3520550088202337,fraud_Morissette-Schaefer,personal_care,142.67,2020-05-01 21:19:04,47.8342,-90.0476,47.030027,-90.456338,False
f625db6a8400674b498e27e75ce855b2,3520550088202337,fraud_Stiedemann Inc,misc_pos,292.08,2020-05-03 15:17:48,47.8342,-90.0476,48.740390999999995,-90.359185,False
e16a16ed6e7c26aa5b7ba436d3580505,3520550088202337,fraud_Spencer-Runolfsson,misc_pos,178.14,2020-05-04 12:57:22,47.8342,-90.0476,48.255638,-89.60911999999999,False
71fec92ebd9d2f92a19997574ae3bfc9,3520550088202337,"fraud_Schroeder, Wolff and Hermiston",travel,9.3,2020-05-04 20:14:07,47.8342,-90.0476,48.254255,-89.451684,False
29cf599a194a97f75c484e486c9f175e,3520550088202337,"fraud_Monahan, Bogisich and Ledner",misc_pos,15.32,2020-05-04 23:28:59,47.8342,-90.0476,47.170872,-89.65425,False
41a2d632cd7ea6568e6b92eb1ae0830c,3520550088202337,"fraud_Schaefer, Fay and Hilll",entertainment,41.62,2020-05-05 18:09:20,47.8342,-90.0476,48.780851,-89.267393,False
0a6bf09270fccaea5d81c8ba8588cb44,3520550088202337,fraud_Auer-Mosciski,grocery_pos,64.56,2020-05-06 06:15:22,47.8342,-90.0476,48.017755,-89.78670100000001,False
73c2aaaa55c99cc5c8017007c0cd6458,3520550088202337,"fraud_Willms, Kris and Bergnaum",shopping_pos,117.59,2020-05-06 18:22:34,47.8342,-90.0476,47.355858000000005,-89.784371,False
936879a718e3fd154256f83e2f13895e,3520550088202337,fraud_Kautzer and Sons,personal_care,90.99,2020-05-07 18:04:30,47.8342,-90.0476,48.044821,-90.936213,False
37a834be0915c706c4fe99cb796d92ef,3520550088202337,"fraud_Christiansen, Goyette and Schamberger",gas_transport,55.34,2020-05-08 10:13:30,47.8342,-90.0476,48.104769,-89.846204,False
48f5591000c4a7e6bc496d1bc19a42a7,3520550088202337,fraud_Zulauf LLC,personal_care,25.61,2020-05-08 23:07:37,47.8342,-90.0476,48.175469,-89.667797,False
7fc2a976924d4f9e910bde72a8757372,3520550088202337,"fraud_Raynor, Reinger and Hagenes",gas_transport,52.36,2020-05-09 06:04:08,47.8342,-90.0476,48.61383,-90.761811,False
ebf929eb20059ff317e3c1e8185b57f7,3520550088202337,"fraud_Reilly, Heaney and Cole",gas_transport,59.58,2020-05-10 03:32:28,47.8342,-90.0476,48.803544,-90.920893,False
6c4f717304dcd2b4bcd37a10ae4374e4,3520550088202337,fraud_Hickle Group,shopping_pos,164.13,2020-05-10 15:28:19,47.8342,-90.0476,47.626438,-89.710264,False
fe07a9875a39a296ac8fdf4bb5301068,3520550088202337,fraud_Howe PLC,entertainment,100.78,2020-05-10 17:11:56,47.8342,-90.0476,48.248123,-89.637662,False
615402541af0980405640c2fb714ebd6,3520550088202337,"fraud_Klocko, Runolfsdottir and Breitenberg",health_fitness,103.99,2020-05-10 19:10:59,47.8342,-90.0476,48.810812,-90.504126,False
0cb630340acc085d3e854d7704e57c4d,3520550088202337,fraud_Jacobi and Sons,shopping_pos,105.07,2020-05-10 21:49:31,47.8342,-90.0476,48.603741,-89.18013,False
0be677440abacb3296debf0bd1410891,3520550088202337,"fraud_Tromp, Kerluke and Glover",grocery_net,28.68,2020-05-11 03:26:12,47.8342,-90.0476,47.658856,-90.581844,False
31d13fff4f5e4702f96c064be533d2c6,3520550088202337,fraud_Friesen-Stamm,gas_transport,53.77,2020-05-11 08:57:10,47.8342,-90.0476,47.437337,-89.282263,False
fbba222cd075593b68007a5a149e3095,3520550088202337,fraud_Fahey Inc,kids_pets,106.92,2020-05-11 18:30:16,47.8342,-90.0476,48.77848,-89.906983,False
1a4fc65102171385865c47a2cb4ab653,3520550088202337,fraud_Will Ltd,food_dining,5.57,2020-05-11 22:37:00,47.8342,-90.0476,48.395977,-91.0049,False
ad86e4d9e8aa5640b570abbf92b53d2f,3520550088202337,"fraud_Conroy, Balistreri and Gorczany",health_fitness,65.06,2020-05-12 16:25:57,47.8342,-90.0476,48.66282,-89.747872,False
b974bb04773baf821051fb5ca5e663fe,3520550088202337,"fraud_Boehm, Block and Jakubowski",misc_pos,157.24,2020-05-12 23:18:39,47.8342,-90.0476,46.882564,-90.832829,False
37156d31bd40a0c694548b9b444d8f7f,3520550088202337,fraud_Mraz-Herzog,gas_transport,37.3,2020-05-13 02:46:30,47.8342,-90.0476,47.199713,-89.86705,False
1ff51c1a3b912fafb42df003d5b6c884,3520550088202337,fraud_Kuhic LLC,shopping_net,109.32,2020-05-15 15:03:47,47.8342,-90.0476,47.564674,-90.348879,False
df15fa78bfb1350059984bbc69651cc7,3520550088202337,"fraud_Mante, Luettgen and Hackett",health_fitness,58.76,2020-05-16 19:28:59,47.8342,-90.0476,47.681931,-89.227228,False
b0b82bab1c3352e8409cd24e91d13ab0,3520550088202337,"fraud_Monahan, Bogisich and Ledner",misc_pos,23.92,2020-05-17 15:57:22,47.8342,-90.0476,48.231944,-89.371358,False
8d8c57e66ee22e8f5c0f3f84c7d9eb7f,3520550088202337,"fraud_Lehner, Reichert and Mills",misc_pos,188.34,2020-05-17 19:18:38,47.8342,-90.0476,47.998762,-90.429039,False
224bb8ee57f70b082404fb06d2343ba6,3520550088202337,"fraud_Swift, Bradtke and Marquardt",grocery_net,1.44,2020-05-18 04:49:19,47.8342,-90.0476,47.658395,-89.701326,False
cb073e44c1c369cdcc1a0b05a792e1a6,3520550088202337,"fraud_Zboncak, Rowe and Murazik",shopping_net,65.86,2020-05-18 14:25:58,47.8342,-90.0476,46.990881,-89.906328,False
0d6b8f9c951643809d1b8c54817a2875,3520550088202337,fraud_Kuhn LLC,shopping_pos,168.89,2020-05-18 17:02:50,47.8342,-90.0476,48.505697,-89.58483199999999,False
8e75d07d19dd21d4e09da7a9793dd1c3,3520550088202337,fraud_Upton PLC,entertainment,105.28,2020-05-18 19:15:30,47.8342,-90.0476,48.62637,-90.511359,False
846a48f4994af136f50140520bc7782c,3520550088202337,fraud_Auer-Mosciski,grocery_pos,85.6,2020-05-19 04:52:10,47.8342,-90.0476,48.181667,-90.855112,False
3ea3114931c79583d21ee0ae8f560f38,3520550088202337,fraud_Torp-Lemke,misc_pos,393.88,2020-05-19 12:09:26,47.8342,-90.0476,48.398903999999995,-90.638768,False
fc6fdef3f48ec52c3888ae2b70b3ea24,3520550088202337,"fraud_Herman, Treutel and Dickens",misc_net,32.38,2020-05-19 14:13:45,47.8342,-90.0476,46.980015,-89.984154,False
69b86e6bd75a6894a089bd507db76e0a,3520550088202337,fraud_Swift PLC,kids_pets,106.23,2020-05-20 12:52:36,47.8342,-90.0476,47.647944,-89.574795,False
e8eec12ccf47ebbbe0052b507e544dc9,3520550088202337,fraud_Keeling-Crist,misc_pos,74.74,2020-05-20 21:35:35,47.8342,-90.0476,48.14534,-90.38082,False
2f3996c6f824a8c3f258ccc0cadb1c8a,3520550088202337,fraud_Berge LLC,gas_transport,71.28,2020-05-21 10:31:01,47.8342,-90.0476,47.896817,-89.59622900000001,False
3f3d0bef54ba04ed44b0b660ec27c29a,3520550088202337,"fraud_Torp, Muller and Borer",health_fitness,13.76,2020-05-21 15:21:57,47.8342,-90.0476,47.744688,-90.203445,False
e28705ac529db1537ffd6fa1855bdb1d,3520550088202337,fraud_Spinka Inc,grocery_net,14.66,2020-05-22 01:14:24,47.8342,-90.0476,48.381618,-89.083536,False
6cad827203bd223a57eaad0e263e9bcb,3520550088202337,"fraud_Bernhard, Grant and Langworth",shopping_pos,124.8,2020-05-22 15:13:43,47.8342,-90.0476,47.883732,-89.96808399999999,False
f49c6cfdf8670046c4ff173cb98353c3,3520550088202337,fraud_Runte-Mohr,food_dining,5.46,2020-05-22 20:47:05,47.8342,-90.0476,48.350178,-90.493544,False
11c7ba8903b3539436b1dd75ef276e4b,3520550088202337,fraud_Huels-Nolan,gas_transport,64.35,2020-05-23 09:37:38,47.8342,-90.0476,46.841437,-89.96770699999999,False
4f3ee328d2bf08bffa79ab0a78f4557b,3520550088202337,"fraud_Streich, Dietrich and Barton",shopping_net,32.57,2020-05-23 22:58:58,47.8342,-90.0476,48.724035,-89.38623299999999,False
e3812f34c1b161dfff629201cd21ecde,3520550088202337,"fraud_Turner, Ruecker and Parisian",misc_pos,28.05,2020-05-24 19:43:28,47.8342,-90.0476,48.581807,-89.979377,False
2139e5ea9730d7865051defaa356fd82,3520550088202337,fraud_Schuppe-Schuppe,food_dining,4.44,2020-05-25 12:59:07,47.8342,-90.0476,48.79373,-89.825175,False
cf06e3791527be9309c66eaa1822280e,3520550088202337,"fraud_Hills, Hegmann and Schaefer",health_fitness,224.37,2020-05-25 13:40:26,47.8342,-90.0476,48.266152000000005,-89.12544799999999,False
45ab2297d263ae474dd6a60aefb30d90,3520550088202337,fraud_Carroll PLC,health_fitness,22.65,2020-05-25 20:41:27,47.8342,-90.0476,48.333838,-90.54628,False
77421e92450f0a275f7fd3da612987b8,3520550088202337,fraud_O'Hara-Wilderman,food_dining,5.43,2020-05-26 21:02:54,47.8342,-90.0476,46.932932,-90.361881,False
9c7baab59a6a427675e43615df463c24,3520550088202337,fraud_Effertz LLC,entertainment,105.31,2020-05-26 21:13:13,47.8342,-90.0476,47.013668,-90.099907,False
2b8cd7963970bb0483a5e83545fde7fb,3520550088202337,fraud_Jakubowski Inc,home,1.29,2020-05-27 12:49:35,47.8342,-90.0476,47.969356,-90.543389,False
246fca626a8d7aa8e05cc366d1a075e3,3520550088202337,fraud_Waters-Cruickshank,health_fitness,22.71,2020-05-27 21:39:54,47.8342,-90.0476,47.050185,-90.322775,False
e7b99867bbe40183d33d6da12916fcc0,3520550088202337,"fraud_Lubowitz, Terry and Stracke",personal_care,154.36,2020-05-27 22:01:39,47.8342,-90.0476,47.094747,-91.022555,False
c17001e16d1eb089486239d4524e53a0,3520550088202337,fraud_Bernhard Inc,gas_transport,47.22,2020-05-29 04:39:59,47.8342,-90.0476,47.819306,-89.508443,False
16fb3d0d1469400479d9a9eef2a64074,3520550088202337,fraud_Hirthe-Beier,health_fitness,2.06,2020-05-29 17:17:47,47.8342,-90.0476,47.652552,-89.759726,False
08d8b6359ac8c7b670730a5d3ef2d710,3520550088202337,fraud_Friesen-Stamm,gas_transport,69.73,2020-05-31 06:24:45,47.8342,-90.0476,48.158213,-90.178544,False
4d859149406e2d84a4e14e34b11b86dc,3520550088202337,fraud_Larson-Moen,entertainment,82.32,2020-05-31 16:32:24,47.8342,-90.0476,48.822291,-90.303855,False
29b56d20250f46d5d37aa812533f53ec,3520550088202337,fraud_Weber and Sons,food_dining,3.9,2020-05-31 17:31:48,47.8342,-90.0476,47.712282,-89.502415,False
2d2fd2aefe78a896a4a7c30af6db542d,3520550088202337,fraud_Auer-West,shopping_net,107.8,2020-05-31 18:39:40,47.8342,-90.0476,48.655064,-89.621964,False
782d689346bf2eef0a1956ba3dd8756c,3520550088202337,fraud_Conroy Ltd,shopping_pos,158.59,2020-05-31 21:45:06,47.8342,-90.0476,48.60528,-89.366117,False
5f9a816038dcf92ab011db18cb19f319,3520550088202337,fraud_Parker-Kunde,personal_care,130.67,2020-06-01 15:33:19,47.8342,-90.0476,47.105823,-89.89401600000001,False
777bb3562fc95b0e75e1aa3fddbe04e3,3520550088202337,fraud_Conroy-Emard,food_dining,26.14,2020-06-01 15:43:05,47.8342,-90.0476,47.960536,-89.076402,False
4b602ed62ba379b02437ad1b336b2392,3520550088202337,fraud_Friesen Inc,shopping_pos,120.14,2020-06-01 15:54:33,47.8342,-90.0476,47.584265,-90.510968,False
dd378a857dc8b28827cf286158c8a95c,3520550088202337,fraud_O'Connell-Ullrich,home,6.88,2020-06-01 17:16:22,47.8342,-90.0476,47.264912,-89.60483599999999,False
b28e5a4e80d67f0bb6c5344a42c58814,3520550088202337,fraud_Harris Group,food_dining,4.41,2020-06-01 18:16:58,47.8342,-90.0476,47.879329,-90.667231,False
f62cef48d1c1701f21309d3c94fde5ae,3520550088202337,fraud_Kilback LLC,food_dining,7.73,2020-06-02 23:04:57,47.8342,-90.0476,47.228779,-89.68316999999999,False
5e79215fc55eaf1a6f83aa134b905cd7,3520550088202337,fraud_Torp-Labadie,gas_transport,40.36,2020-06-03 07:07:03,47.8342,-90.0476,48.122823,-90.38958,False
e1f3bf8c6b008ca78df4e0745bff17a0,3520550088202337,fraud_Fisher-Schowalter,shopping_net,6.4,2020-06-03 18:00:19,47.8342,-90.0476,47.430982,-89.62170400000001,False
5c7ce23d4a4f197d027017c4def35b8c,3520550088202337,fraud_Shields-Wunsch,health_fitness,7.82,2020-06-03 22:05:05,47.8342,-90.0476,46.997834999999995,-90.210983,False
1d023c30a1c2c47ced59345c0ae67701,3520550088202337,"fraud_Greenholt, Jacobi and Gleason",gas_transport,55.56,2020-06-05 04:51:19,47.8342,-90.0476,47.476587,-89.630314,False
9da6157f2b4a229283bcd21867418e4b,3520550088202337,"fraud_Torp, Muller and Borer",health_fitness,89.38,2020-06-05 18:30:06,47.8342,-90.0476,48.634853,-89.875119,False
fded96abe0409c9865ff66d0a035103a,3520550088202337,fraud_Cummings LLC,gas_transport,57.06,2020-06-07 07:05:27,47.8342,-90.0476,48.733241,-90.905235,False
7a790761d5161420195d793d24761d4b,3520550088202337,fraud_White and Sons,home,136.14,2020-06-07 17:43:46,47.8342,-90.0476,48.066686,-89.711166,False
7b19dc612b3cd82d34375e88bf4a8797,3520550088202337,fraud_Paucek-Wiza,grocery_net,32.48,2020-06-08 01:32:54,47.8342,-90.0476,47.69097,-89.729526,False
dbc2981fbe7af0219a160ac8e2a86095,3520550088202337,fraud_Cummings Group,grocery_net,53.02,2020-06-08 06:57:46,47.8342,-90.0476,47.292319,-89.778559,False
e0a0f10bc48a62d079e4a03d3caf0192,3520550088202337,fraud_Turner and Sons,shopping_pos,148.33,2020-06-08 13:59:05,47.8342,-90.0476,48.638071999999994,-90.729811,False
91c208712fb499c8510dcd66d1f30d16,3520550088202337,"fraud_Schumm, Bauch and Ondricka",grocery_pos,67.27,2020-06-08 14:17:17,47.8342,-90.0476,47.227314,-90.99441,False
c22a8143ca0ef929b24d3291657b89cf,3520550088202337,fraud_Goyette Inc,shopping_net,174.33,2020-06-09 16:39:58,47.8342,-90.0476,47.001303,-90.580145,False
5d909df681e910a1372cab3a094ffcd4,3520550088202337,"fraud_Roberts, Daniel and Macejkovic",kids_pets,32.48,2020-06-09 23:34:04,47.8342,-90.0476,47.448526,-90.543336,False
7ebd2a020b076b132eee8c9518339d34,3520550088202337,fraud_Buckridge PLC,misc_pos,135.87,2020-06-10 13:08:12,47.8342,-90.0476,47.803238,-90.564527,False
b85c48ca911fe19183d95f825647e5d0,3520550088202337,fraud_Zboncak LLC,food_dining,3.25,2020-06-10 21:46:41,47.8342,-90.0476,47.303993,-90.883187,False
bfa670c624e35556a1c520b7cf19747a,3520550088202337,fraud_Hermann and Sons,shopping_pos,126.76,2020-06-10 22:51:32,47.8342,-90.0476,47.38704,-89.370989,False
bbedb3b0db721f559b22ad8f165b8285,3520550088202337,fraud_Rowe-Vandervort,grocery_net,24.25,2020-06-12 10:50:13,47.8342,-90.0476,47.719966,-89.396941,False
d6ca6e11e5c1bc19a1ab8391dcbf7fb9,3520550088202337,"fraud_Swaniawski, Nitzsche and Welch",health_fitness,15.65,2020-06-12 17:40:18,47.8342,-90.0476,47.313129,-89.37469,False
2bb0611abd21b516a4d0f152f6a70c2f,3520550088202337,fraud_Keeling-Crist,misc_pos,105.6,2020-06-12 23:02:52,47.8342,-90.0476,48.467479,-89.619723,False
41daa55af66e16cbae7809adff3b1000,3520550088202337,fraud_Fahey Inc,kids_pets,14.91,2020-06-13 19:55:23,47.8342,-90.0476,48.234996,-89.656858,False
a77b912e38469109308aa23a2ae81ae7,3520550088202337,fraud_O'Keefe-Hudson,grocery_pos,77.54,2020-06-14 05:59:19,47.8342,-90.0476,48.760737,-90.995282,False
f4b38dabbf5c9cc489d66ca99a2e0f8c,3520550088202337,fraud_Abernathy and Sons,food_dining,244.94,2020-06-14 17:25:38,47.8342,-90.0476,47.510292,-90.113506,False
50af2e80fbbf5da777ac5a040af6615a,3520550088202337,fraud_Stamm-Witting,shopping_net,170.08,2020-06-14 17:30:23,47.8342,-90.0476,47.625017,-91.031837,False
3302316026f41c237ab536fb1280109c,3520550088202337,"fraud_Baumbach, Feeney and Morar",shopping_net,40.03,2020-06-14 17:40:15,47.8342,-90.0476,48.344640000000005,-90.164103,False
5960dee3475bcc9c56d9555ef651a0ff,3520550088202337,fraud_Jast and Sons,food_dining,5.36,2020-06-14 18:07:34,47.8342,-90.0476,47.466481,-89.81081,False
4a0f95b65f076c6af5c9be1922bcd84d,3520550088202337,fraud_Conroy-Emard,food_dining,2.7,2020-06-14 23:18:11,47.8342,-90.0476,48.346531,-90.930707,False
ff232b948314b3e161bbd273c82b3263,3520550088202337,fraud_Kling-Ernser,entertainment,78.47,2020-06-15 13:18:13,47.8342,-90.0476,47.10413,-89.70094399999999,False
a9598ba1bb5cb7b505ecedc4a74aeefd,3520550088202337,fraud_Botsford Ltd,shopping_pos,178.58,2020-06-15 15:13:04,47.8342,-90.0476,47.217718,-89.90947299999999,False
2290f8574cb9be2cc37d39a4fb893ceb,3520550088202337,fraud_Klocko LLC,misc_net,96.71,2020-06-15 20:36:34,47.8342,-90.0476,47.595333,-89.26985400000001,False
6f350737b23148c1d53a7e6eef6aa1a1,3520550088202337,"fraud_Berge, Kautzer and Harris",personal_care,93.19,2020-06-15 22:12:45,47.8342,-90.0476,47.320737,-89.629522,False
2ea3dcbbf8ba8a4d8f6e33d5a844c65c,3520550088202337,fraud_Kerluke-Abshire,shopping_net,1.29,2020-06-15 23:38:45,47.8342,-90.0476,48.226608,-90.511848,False
2983d66cff337bbcec640ad893191c6c,3520550088202337,"fraud_Reilly, Heaney and Cole",gas_transport,47.55,2020-06-16 08:18:30,47.8342,-90.0476,47.482211,-90.180462,False
f34afc89d99d2b574137328aad8c2a72,3520550088202337,"fraud_Nienow, Barrows and Romaguera",personal_care,22.19,2020-06-16 12:33:39,47.8342,-90.0476,47.125445,-89.41804499999999,False
3c0c3f706400671142720f0f890dfe9c,3520550088202337,fraud_Emmerich-Rau,personal_care,11.77,2020-06-16 18:30:02,47.8342,-90.0476,47.481612,-90.582903,False
288927c6ba2971cc6a1e4940e6f46bb2,3520550088202337,fraud_Pfeffer and Sons,shopping_pos,164.26,2020-06-16 19:08:00,47.8342,-90.0476,47.089806,-90.911794,False
36e21ea84e5b55e06d1ebd03bd868a7b,3520550088202337,fraud_Kihn Inc,shopping_pos,144.91,2020-06-17 19:27:05,47.8342,-90.0476,46.920818,-89.118659,False
154e48cdb426d8fa73451f372ec73214,3520550088202337,"fraud_Bernhard, Grant and Langworth",shopping_pos,106.33,2020-06-17 22:14:34,47.8342,-90.0476,48.507538,-90.476961,False
92164f5084317a26f726a5fc212ea143,3520550088202337,"fraud_Eichmann, Bogan and Rodriguez",gas_transport,40.87,2020-06-18 00:06:39,47.8342,-90.0476,48.472409000000006,-90.317479,False
da7f400b14ab18de9ba9587240a03d8f,3520550088202337,fraud_Zboncak LLC,food_dining,4.75,2020-06-19 23:07:52,47.8342,-90.0476,48.300148,-90.593817,False
473fa736c9fa6ea396addaddecd1cd39,3520550088202337,fraud_Reynolds-Schinner,misc_pos,116.88,2020-06-19 23:45:53,47.8342,-90.0476,48.667761,-89.95541,False
10736e5b2bfe55fdc6679c5eec5ac10f,3520550088202337,fraud_Goyette Inc,shopping_net,424.41,2020-06-20 20:43:57,47.8342,-90.0476,47.498929,-90.198615,False
f566eea539baf2ba55e85130df5f081e,3520550088202337,"fraud_Greenholt, Jacobi and Gleason",gas_transport,89.36,2020-06-21 00:45:40,47.8342,-90.0476,46.884493,-89.229638,False
95c48f1b86b2d535f0040ef7d7377bc5,3520550088202337,fraud_Torp-Labadie,gas_transport,85.51,2020-06-21 03:43:49,47.8342,-90.0476,47.830668,-90.830619,False
a0aae29b0ed0b680214b5b8340284fe7,3520550088202337,"fraud_Raynor, Reinger and Hagenes",gas_transport,46.02,2020-06-21 10:19:37,47.8342,-90.0476,47.232440999999994,-90.231808,False
